Location,Date_Time,Temperature_C,Humidity_pct,Precipitation_mm,Wind_Speed_kmh
Boston,2024-07-17 03:38:10,-53.27210818824927,42.6278015080061,0.0,23.934090523019584
Philadelphia,2024-03-27 03:15:12,-67.31069769022851,5.849626262396665,5.546047141466296,11.32084468863818
Chicago,2024-03-08 11:01:01,-59.957834446487,43.00456112295071,9.658344932293456,45.10339559179429
Dallas,2024-07-15 18:55:13,2.6125832285949717,72.0406494873776,0.0,38.85664931628715
Miami,2024-07-15 01:05:50,-64.8042706503802,61.599394278376025,0.0,49.75331062227763
New York,2024-12-07 23:56:38,6.962272025475158,79.91220380383385,14.02331168862048,0.932686029420772
San Antonio,2024-03-17 05:03:29,55.8985738458784,31.54162518592296,0.0,45.95201131612363
San Diego,2024-03-06 21:44:55,49.3440503784274,55.56684039479215,0.9924990393173552,4.084900645991667
San Antonio,2024-02-15 09:49:28,-34.90035902871257,6.863938213505168,9.821545340079552,5.206140930785432
Chicago,2024-02-21 19:50:36,-62.82829916295202,80.3940465115111,0.0,2.4904945904538422
Miami,2024-02-03 03:38:43,-27.66521811917667,11.601199964391745,11.81549542906739,40.66703213868692
Dallas,2024-03-04 00:44:24,66.39829804554233,44.061199888992746,0.0,33.03190381494762
San Antonio,2024-01-03 23:43:14,-22.93306435244109,30.8539582499561,9.336090529332132,23.566805581673165
Chicago,2024-09-20 17:02:46,-39.21077115514264,6.564458942378529,17.0118849816501,29.732604021368672
San Antonio,2024-01-09 11:38:57,29.2338677413932,85.34378729195008,8.91097602127757,47.9319122471783
Philadelphia,2024-02-21 22:46:48,-40.475325351660345,85.68415380596679,10.20400684881598,36.68599841887492
Houston,2024-02-20 00:03:46,4.538385422271858,24.519908351197152,9.740764998186812,28.24061106688685
Los Angeles,2024-01-24 09:27:47,33.16663894632383,50.52189767348354,12.93212926157766,43.57872367206999
Los Angeles,2024-01-17 21:36:50,40.96490400145932,59.471713120573085,16.713790875175924,43.90513453623083
Boston,2024-07-15 00:46:38,-43.893644864910016,79.06501873589603,4.015376468193351,13.134406641248823
Boston,2024-06-13 03:06:43,-67.35821351102655,71.17451792573753,2.554234421047843,44.76649210434363
Philadelphia,2024-08-21 04:30:49,-40.17767076686556,17.770545630802637,0.0,46.275543540849206
Boston,2024-04-28 09:48:18,-10.172635400846389,37.85993537374273,2.8427563484780425,39.94455580805459
Houston,2024-10-20 16:40:35,-46.56599188826729,18.691002177744217,0.0,3.673992194487063
Boston,2024-07-05 08:32:50,64.67694776116551,51.38057616700341,0.0,4.037900991956516
New York,2024-06-18 08:45:42,31.02095909592329,74.25654646680535,0.0,26.85498815673352
San Antonio,2024-07-29 19:57:41,28.201434557916,89.34382251465233,0.0,29.80449879275305
Miami,2024-01-22 08:14:49,-37.12841395561927,53.50541169240573,0.0,23.707011176612447
Dallas,2024-03-19 10:40:13,-59.41665146425445,97.86745181037216,19.537066419025884,40.83741070721042
Dallas,2024-10-03 05:08:40,-67.80914581458305,84.87288696214881,19.30034431731676,9.620698742888855
Boston,2024-03-04 16:17:29,33.10392176991901,94.7977301407808,0.0,16.82310227917561
New York,2024-01-28 21:16:58,2.9200227234321545,52.051953310388825,0.0,7.819903144951603
Philadelphia,2024-08-10 03:31:12,64.32179428929729,57.53497620110373,17.954291749766682,46.20836287979821
San Antonio,2024-04-16 03:00:02,-18.597190190787344,50.83448470960416,0.0,18.712058618206257
Philadelphia,2024-09-07 15:09:18,-10.917020811133613,84.16770947411797,6.699740389331296,44.67681852151554
Boston,2024-07-27 00:02:34,-51.20756394955329,76.32177018682117,8.518594261030064,16.02858377347456
San Antonio,2024-12-23 07:59:33,-37.81574697207928,90.10144182055446,0.0,4.291363437549848
New York,2024-07-26 22:42:55,43.56685832106946,98.46154608381237,0.0,27.647919099133357
San Antonio,2024-10-26 20:03:36,32.94948172893952,17.647948755448766,0.0,10.827806380140526
Los Angeles,2024-04-26 20:26:50,-31.977575788233523,64.50215201776777,8.006458569591103,44.10336934332632
San Antonio,2024-07-03 11:32:00,-50.23847858660088,66.33377311311786,1.505631154725286,23.95426647996375
San Antonio,2024-04-10 00:07:30,-21.93864259973771,77.50233341515167,15.969902006060366,9.509128721267867
Los Angeles,2024-04-28 13:49:48,18.28206438888617,70.92639266392075,18.22286097696309,5.257957850558395
Philadelphia,2024-07-05 13:51:19,65.33380421832214,49.37777984401782,14.376084256070271,33.82697679774043
Los Angeles,2024-10-26 04:40:03,-47.13234902693624,35.16188106580886,0.0,46.859373553977605
San Diego,2024-11-07 08:30:15,-40.72937815221879,38.03630994582527,11.27434724204965,28.025956681189317
San Antonio,2024-01-22 09:17:27,35.13284238556349,6.464939642240164,16.696416980121597,42.97049527761001
New York,2024-06-09 10:09:05,23.784537038925663,40.29762358873157,9.307979342822035,8.002711506950998
Houston,2024-03-23 08:59:05,15.55891229401756,46.49535083064207,7.772205148674569,19.214888589247828
Philadelphia,2024-10-25 06:56:05,-21.369786551941417,40.108684936079456,0.0,42.49690724606581
Miami,2024-03-06 21:59:14,28.228325984468285,33.391795459063545,0.0,38.96676291799426
San Diego,2024-03-13 08:39:58,23.564559747424585,80.5477478083736,16.228003196005947,7.525734581062952
Boston,2024-01-15 13:49:07,45.01083223554281,88.69933963469705,12.647406877090296,28.35335706536845
San Antonio,2024-02-16 04:09:28,-62.80855127007786,10.838700563142638,0.4728118619598263,39.69551938255386
Miami,2024-10-11 05:30:31,-59.37531744815818,94.78871479815024,4.231397201830818,48.670287868443246
San Diego,2024-08-15 04:20:06,-65.69942009296771,71.04709269285439,0.0,24.934413385585955
New York,2024-04-11 21:16:10,-54.463472387631136,19.61700774186687,7.626168157955359,24.418641948811924
New York,2024-04-29 16:15:25,-59.06573614314232,57.06346902562886,19.367624227079176,13.420762912754874
San Diego,2024-07-17 02:33:26,-44.79990847956383,65.2058436395332,0.0,16.85343125923359
San Antonio,2024-11-24 10:04:18,41.07473571612148,0.3062011832773592,0.0,31.41479964732784
Los Angeles,2024-04-09 21:44:13,29.261892131814136,13.04523592929985,0.0,25.51589449259657
New York,2024-12-07 03:58:00,15.028126610821332,26.487627855139984,9.8777786744811,45.99455638868938
Miami,2024-04-04 15:22:23,-50.6860578275644,0.3360325492069016,11.400534415043976,20.276263668319327
San Diego,2024-01-05 21:06:33,-24.658703284270707,58.56057565902336,0.0,0.5254557156452062
Boston,2024-07-14 11:21:02,-10.557108335948328,10.690554176911462,19.41516627025842,8.788435667794964
Philadelphia,2024-02-20 04:13:58,-68.42959669368696,49.02787793303426,1.030235373756936,5.579558527943565
Boston,2024-08-09 00:32:00,28.958206524400666,22.88617785885648,11.767192763262948,34.33706035114838
Los Angeles,2024-12-29 20:58:10,25.8118744327775,68.89854503665796,4.3814875702270975,17.32975932206651
San Diego,2024-01-25 13:40:22,-53.67407862136849,18.905416300198404,0.0,30.207984303520064
San Antonio,2024-04-11 05:09:49,34.17092752249344,65.85286648111477,6.221476742185729,23.932563365738996
Dallas,2024-07-22 21:18:17,-14.16894404318836,27.738336629064733,3.670205716448416,6.756427012346041
Miami,2024-02-06 03:11:59,-28.67008426587303,98.15495034095346,15.442634308109334,30.99072709632345
San Diego,2024-10-05 09:06:37,14.771020167281948,16.230242290257685,12.166159944824084,4.635423521640325
Miami,2024-07-25 13:57:39,23.9227486040931,31.81059320393367,0.0,6.379846483902174
Dallas,2024-05-02 21:31:14,-54.61612381369676,48.144724971013375,13.914561398455628,25.916970375868587
New York,2024-05-17 22:36:14,22.52564435236286,55.68398251153596,7.159668539163768,34.625587286535634
Dallas,2024-08-13 10:39:07,-0.2607549266212601,65.00734287686,6.217441993011537,4.963249624983028
Miami,2024-07-24 09:15:04,21.630113568680144,3.439091519828253,0.0,29.547433167769817
Boston,2024-03-21 01:05:23,43.99457893485935,92.67492000164324,4.905316905051082,43.559212800485504
Miami,2024-10-15 16:06:31,15.46164593866122,9.721611161352484,18.398854132345196,44.27427613336784
San Antonio,2024-05-25 15:23:30,2.5028232316667243,61.58511391272965,0.0,16.801612867365357
Boston,2024-05-29 02:03:01,49.77571880904996,75.51041447555005,13.82632889693905,43.49920996259271
Boston,2024-04-21 23:02:16,-38.1082413823518,62.143888786307,0.0,17.260269700906015
Miami,2024-10-06 11:28:33,8.687977653311847,39.67364578635663,0.0,10.279065923276647
Philadelphia,2024-10-15 16:48:20,47.287039678126106,5.90971627448965,2.850280724718914,9.676433726926458
New York,2024-05-14 17:40:58,16.131167234656473,80.49246630241856,17.24317610027352,21.481142206787748
San Antonio,2024-09-26 05:16:12,48.18788484133859,40.98160559848798,0.884923342510973,33.75245219498854
San Antonio,2024-09-24 12:18:15,58.86929692517316,0.1080120926490799,10.96464746820768,8.26419637757876
Los Angeles,2024-03-06 16:08:48,59.939640583644575,69.72052783079047,6.521904214209169,22.884515432109872
San Diego,2024-12-03 21:36:32,-43.262344515557615,29.925799166568275,4.864296960432682,3.069277090023093
Los Angeles,2024-04-28 21:33:59,-30.259770719575968,74.05299426167342,2.8344862510678617,20.93996128806221
Chicago,2024-06-04 11:36:45,50.86065860473833,67.52383320953567,11.306121711888764,8.96305643425871
Los Angeles,2024-04-08 06:47:51,13.929896529537617,54.54844965166976,19.09037267606659,33.14172163135117
Dallas,2024-11-15 09:05:52,47.10273251072677,21.71312263904626,8.898148676433937,44.16247596760401
Miami,2024-03-04 19:09:34,-1.0287865983794546,80.87326568396169,9.936996169074732,28.05864626941903
Los Angeles,2024-02-27 02:24:02,62.304142923442726,27.730619004222085,9.173850386869166,38.637681337780194
Philadelphia,2024-04-26 15:29:07,-26.242393307643624,43.132602912355935,6.255792177065832,41.445641066304326
Boston,2024-12-12 14:31:04,-59.7607283962265,70.50809829118438,2.099667116032302,19.427362243847288
San Diego,2024-10-13 19:24:39,-58.667594141600176,33.24471408335918,16.586543194725294,39.85094265982114
Dallas,2024-01-22 21:02:17,24.35048053923522,23.65117179824124,0.0,12.658889674604822
Houston,2024-04-19 21:18:53,27.42873517031643,17.702565793376223,0.0,30.3035040406204
Philadelphia,2024-06-06 04:17:49,37.528204603936274,55.800158683344605,6.308130236323574,49.17149943396032
Boston,2024-02-20 00:33:56,-54.83420108586205,47.95601025866088,8.756077303905638,11.493859841863614
Los Angeles,2024-10-02 15:18:44,-41.93205230577445,40.733829491713145,12.101994003243783,6.377845509835193
Chicago,2024-10-25 04:40:12,-4.634660305796089,62.16344221075581,0.5402692105491909,41.264345699021
Dallas,2024-04-22 06:31:55,50.59131919066873,79.32066499574253,0.0,15.64570069232576
San Antonio,2024-04-11 11:45:25,-18.6243650674452,89.57211660751175,0.0,44.462633281136064
Dallas,2024-09-09 09:04:19,21.44313066161513,75.9189989949399,7.452078922102988,44.17704031968304
Houston,2024-04-13 10:37:20,-3.848855248371308,98.80599051121364,0.0,24.393050533375597
Chicago,2024-12-27 15:00:39,51.27199881387966,97.20201876854732,0.0,39.01496646375421
San Diego,2024-02-19 02:49:24,-53.82387635594532,9.63946553809178,11.87963271432722,25.946595005486245
Dallas,2024-01-24 19:11:54,50.4442393737796,78.09890932965953,1.71106231165669,47.32620233989432
Philadelphia,2024-05-02 04:43:33,-30.068800693640192,59.13778330600233,2.190151304270053,13.327275870417893
Dallas,2024-08-07 09:40:37,-38.70299634101829,93.3515204198182,15.87770199094428,20.785390393436344
San Antonio,2024-06-12 17:38:59,-13.60321547680303,3.772456148079144,19.498992264589948,5.311309969829576
New York,2024-11-20 08:42:32,-49.1099788185799,57.82105946648716,4.513364822116383,22.584983372388137
Philadelphia,2024-10-28 11:35:42,49.37410395816804,43.457836715160965,5.7288792193492295,3.2811926854008444
Boston,2024-12-18 07:45:03,28.735946971665257,90.2469839615219,9.420916640863933,29.81966830114429
San Antonio,2024-04-19 15:44:30,-32.92374888948458,45.21480421273641,6.044727205374237,13.324976931334284
Miami,2024-04-11 19:24:52,-63.3832444284636,78.04717961398603,11.800680050458029,17.854419199096863
Los Angeles,2024-09-15 11:12:21,12.50104810163674,19.14529595679173,0.0,36.98166576598079
Miami,2024-09-11 05:01:11,-58.26679224337106,30.74976952837237,15.32472799750944,36.56232702390281
Dallas,2024-11-01 07:58:47,-44.92137996347155,1.6842117552226163,0.0,25.68312162636636
Miami,2024-12-07 15:17:05,35.06737734533492,89.45903645597546,15.303572897376505,21.05622936079632
New York,2024-04-14 18:34:34,-0.2345719496246232,77.78428249456181,0.0,17.371555104675117
Houston,2024-09-08 22:46:03,21.63571557425344,15.356161930515825,0.0,42.08132802528728
Houston,2024-11-12 07:24:24,-47.23787076667732,47.091695874704655,2.4511189520934096,48.80571017681695
Philadelphia,2024-09-25 15:18:40,15.760841826510044,46.352073489909415,4.815602073777411,8.83685280834051
San Diego,2024-07-07 11:00:16,50.27388200228333,4.302995904101138,0.0,23.340045018938213
Dallas,2024-12-28 05:46:00,-26.054930736689627,76.84523743268463,0.0,20.839236555577862
San Antonio,2024-07-19 07:30:07,-30.24391298708212,85.17160120070797,13.457554324054062,37.55185867751115
Dallas,2024-03-02 12:11:03,52.58788550665852,50.52230781506901,1.7948389193803873,7.312075903958718
Philadelphia,2024-06-05 12:57:14,6.108312959326852,14.540764155195909,0.0,34.04594310302647
San Diego,2024-09-25 17:22:41,-2.3685339831073264,30.046637636992976,0.0,31.364488458316167
San Antonio,2024-08-09 22:02:48,-61.55113810296,87.21077140125838,2.559294573019759,5.2627784438002845
Miami,2024-01-23 14:20:17,10.843821696388927,95.189578647202,0.0,7.588795565510836
Boston,2024-11-25 21:03:47,39.39811639919398,95.2728422419731,0.0,30.248750879871928
Miami,2024-05-02 14:33:28,51.52549746485079,71.99419669171876,9.370722340126438,23.305785819347683
San Antonio,2024-06-15 21:32:09,-4.357824525613822,92.29105994242794,3.911466647840392,46.194380151008914
San Diego,2024-10-13 06:12:33,46.11152042369291,14.535440182064548,0.92584471267857,7.421320681926819
Boston,2024-07-10 01:33:43,-53.78786641129002,83.71509169883683,11.595026839913906,34.15673652255491
Miami,2024-11-19 08:21:41,-29.53976197489469,99.05000590950026,6.791490250052263,32.78418452911156
Houston,2024-10-07 04:44:34,-48.62414037290239,34.77722546158115,18.18628899132824,4.526915237969671
Dallas,2024-03-07 17:07:33,-30.79464081228518,59.30260464260256,5.813173241169666,7.774144734076838
Chicago,2024-12-24 00:23:31,-5.640160659679225,57.33692433622375,0.0,14.585083143346498
Chicago,2024-06-22 08:51:39,6.817551983663279,59.69566412038347,5.659568590302461,37.68844898751857
Miami,2024-11-02 18:38:19,10.499483389120712,8.793871191602264,0.0,33.199130102736326
San Antonio,2024-10-18 11:32:09,24.813568310049803,11.182880101466154,0.0,26.03014603675706
New York,2024-08-16 21:45:27,-31.43005715995539,10.92422433847824,19.601800258103136,15.86519774480779
Chicago,2024-11-23 17:03:52,10.810797104924475,4.47064902797387,15.636736579235524,15.59902099917096
Miami,2024-01-27 00:58:19,-35.498728913380845,34.20294391006692,0.0,40.49274724136058
Philadelphia,2024-04-13 21:33:35,-51.6810385703392,47.22248760565344,0.0,14.192646173669193
Houston,2024-10-01 13:14:56,48.97228208727633,44.834754100052805,3.296987007178576,7.161144779365024
Los Angeles,2024-07-14 14:14:25,-31.866425027549692,1.8072137389760243,4.600865655709935,30.859073188245603
Boston,2024-07-06 00:57:42,-34.92952716360672,54.42163174988063,0.0,29.6204416367017
Houston,2024-02-16 02:23:13,-52.25402533698969,35.71417552408721,0.0,24.472841370841834
San Antonio,2024-09-10 07:09:48,23.329587942213195,19.956093417391948,0.0,49.393418600203645
San Diego,2024-07-02 21:38:15,3.4686743969476623,55.127914274080254,12.577622142593547,31.48124909904504
Chicago,2024-10-20 19:00:33,49.31815241757137,47.83003079116564,17.051216593061845,3.607787490945121
San Antonio,2024-10-15 03:01:00,11.686623939326964,24.75678860938485,11.955084783061928,22.40366999756381
Dallas,2024-06-19 23:18:08,-69.5764934757252,88.65702873860076,0.0,37.10106458971556
San Diego,2024-12-05 05:43:20,-69.08556918244173,95.5648452384611,0.0,4.952950498507446
San Antonio,2024-07-04 04:51:07,-58.71478890849022,58.4429949047944,0.0,1.0626117861252735
Philadelphia,2024-05-29 21:42:19,47.61166480234493,56.13642395292183,0.7337263137158914,39.92727755755392
Los Angeles,2024-05-14 15:18:30,-58.80833310603818,70.27255387978452,0.0,16.709872598796103
Miami,2024-12-23 23:24:25,1.235657091599748,59.39248472090978,17.02432844392319,3.465930965496668
San Antonio,2024-10-08 12:28:52,-61.519399332764536,90.09436783531746,0.0,31.740510341947683
San Diego,2024-01-14 17:46:04,42.85371906480054,86.02100790876474,0.0,8.233780927143336
Dallas,2024-12-26 02:47:59,-37.99794020561991,42.61475735527097,8.761900125970861,6.75077582039367
Miami,2024-08-02 21:33:05,-2.1300410063748814,80.41165156067711,18.495201307004063,6.919670460371059
Los Angeles,2024-12-13 17:47:31,16.64075555033422,7.616562842262347,14.911359836684388,26.30492707822673
Los Angeles,2024-05-28 09:41:52,-49.6794349111611,5.386325723033785,16.710989708681478,21.02984744731598
San Antonio,2024-06-05 14:20:18,45.865542643716,62.36611363013073,0.0,13.0925833702529
San Diego,2024-06-20 09:48:04,-28.47638070806191,19.596638195348312,16.571600293637264,1.1190979405373884
San Antonio,2024-09-03 06:01:23,18.353331663734732,24.792045713568896,9.05360554988004,40.172168705702624
Houston,2024-05-27 01:49:54,-33.576505808478665,96.94656173686786,12.936169965333612,36.86938883364374
Los Angeles,2024-08-16 13:47:24,69.75993145192587,37.6053113531742,0.0,31.42592567288218
San Antonio,2024-08-13 20:47:41,-28.91429219657648,90.324258076777,2.211375462016301,9.022179413350669
Philadelphia,2024-09-14 07:30:59,62.35365952362381,49.20237703132258,0.0,43.02077942098119
Chicago,2024-06-07 15:23:29,-3.433781139663651,69.35186574765022,2.937343963663153,5.350086828236336
Miami,2024-04-10 19:26:56,9.489989800032248,55.528581319536045,0.0,4.543075669596298
New York,2024-02-10 09:02:24,32.13056870618114,89.95567320299625,19.86710817008165,40.50788409618352
Miami,2024-08-07 09:16:02,35.9357494543936,96.80806908140808,18.51719478197516,30.423824707364236
Chicago,2024-12-02 02:38:49,26.644714001378773,5.459052061261193,13.889673769348462,49.15087244896811
Dallas,2024-09-07 21:14:00,-34.33872294892446,54.79480562386915,0.0,30.782856043701315
Miami,2024-12-27 04:07:06,-30.72866451172394,41.07110842234572,19.889626999766445,22.634040939387862
Los Angeles,2024-08-15 21:35:00,10.101160866062171,63.64946227577301,0.0,48.50700588047887
Dallas,2024-09-30 02:53:47,-14.660779319150684,39.28298439572694,2.468979994534765,47.55210482515565
Chicago,2024-03-18 18:04:20,-30.704845723339943,94.16163590804646,3.070158186507136,41.08021725040168
Boston,2024-02-18 09:07:16,65.88091496488934,96.98023947073855,5.077977658745281,6.959596243592657
Miami,2024-04-26 23:42:16,-33.40738583308542,51.20127236209878,9.349846218678708,34.84122874322599
Houston,2024-01-13 11:30:25,53.274789470546864,23.385656150735077,4.333359445302992,46.3769226900904
Los Angeles,2024-02-26 04:19:34,1.1279472861625237,0.26731282654913,11.273692326805005,32.850128142715604
San Diego,2024-02-08 10:20:20,-14.832750261566986,29.114724448780574,7.873113824708895,4.7489137770805705
Chicago,2024-01-08 02:25:03,33.53741088438919,83.9659189377497,16.03162996965727,40.90103671579314
Philadelphia,2024-08-22 08:21:46,43.870870447558175,66.08486942157431,2.382628872514285,22.731192297027853
Dallas,2024-08-16 02:03:01,3.6560367118843535,38.16422929343094,0.0,34.7979528518907
Houston,2024-03-10 00:53:59,40.519430332792254,60.886282678044026,0.0,24.810684414025992
San Diego,2024-11-13 00:56:23,4.487661217644657,12.711184193004527,10.55731180773957,48.51767154729316
Chicago,2024-08-25 02:09:23,-46.30178208198646,5.392372387601249,0.0,28.742148640091106
Houston,2024-12-12 19:11:46,32.53443106511391,32.98074809557944,11.46044049297521,14.806858677625357
Chicago,2024-03-16 00:28:03,56.07550794686222,22.89071957745955,0.0,49.76162600807273
Los Angeles,2024-04-04 21:00:30,69.56295786936639,44.84407073969892,1.9455791148148036,1.3943988660908868
Chicago,2024-03-03 21:11:24,-13.498834639525723,38.58719684188204,13.419556947103173,20.855683945205715
Los Angeles,2024-02-16 10:29:09,23.631841111373504,20.89428114666168,0.0,41.81584119325184
Houston,2024-06-09 19:20:51,29.47126032738312,62.77754900104139,1.3987836159849412,0.1988600015001029
New York,2024-09-04 18:53:21,35.9130462725589,55.57111215110382,9.198705782140593,3.495309553286249
Dallas,2024-05-09 06:53:34,15.47235197554329,21.119723524789507,0.0,22.92094511953464
Philadelphia,2024-04-19 16:19:40,-47.62185316619195,91.88482448395976,10.152579755541666,49.572604566385245
San Diego,2024-05-04 22:39:25,21.72840508225268,65.26832030797762,0.0,4.6062928319560665
Boston,2024-06-16 19:22:34,13.293969790708031,98.80774693991728,8.516389426097096,5.03313853507578
Los Angeles,2024-02-19 12:30:43,58.40432249096031,15.100378289557112,10.647651657659845,14.704980019387651
Boston,2024-05-20 13:39:00,-54.314165233288094,43.04718496015658,0.0,19.24833411853261
San Diego,2024-10-08 02:27:07,-21.053316080582583,17.050463804018662,2.831918602997167,36.2483050388639
Philadelphia,2024-07-24 13:23:24,-63.589277826374186,92.24638253855947,14.088677982971866,10.461508727446668
New York,2024-12-11 18:57:08,9.622656306331862,68.48061975544513,1.8619518932458696,2.795683924611493
Los Angeles,2024-11-22 08:38:28,6.119577615083401,87.4913041533109,0.7944979747052852,18.60461914309617
Dallas,2024-08-14 09:12:45,-40.70800114485336,15.710870875205105,2.2595546857068207,16.84437574137407
Boston,2024-02-02 14:28:33,15.011838181546937,63.74841466680398,7.257056868198866,43.70075226468736
Dallas,2024-08-03 21:00:40,-43.654324842248,94.17219750795654,11.040845205020744,34.737969931881736
San Diego,2024-05-21 15:20:33,-65.04374366343419,9.56729786271309,14.669097682170388,28.42156098072348
San Antonio,2024-06-15 13:44:44,36.46402568575876,2.198800901836421,2.449230614513919,11.407459912851444
Boston,2024-01-23 22:20:43,-34.457890771036666,60.73915026259471,0.0,12.710334890654238
Dallas,2024-06-02 07:56:01,36.20483318276305,42.11426514371127,1.902514933529924,8.760502306267252
San Antonio,2024-07-27 18:23:04,-40.22630741398911,37.910924239119936,0.0,27.346910441238837
Philadelphia,2024-03-03 21:14:14,-19.207940048485668,79.62450856396825,0.0,31.897771238989847
Philadelphia,2024-05-06 09:37:01,16.47543897301395,99.2497800882316,19.9197362375004,15.257141109027716
San Antonio,2024-02-14 10:00:20,31.838037881266217,3.724663044195019,5.8405048475858266,12.980422004375104
Houston,2024-11-12 16:34:06,18.76917444913674,52.30356321869037,12.729326366720468,24.75312553572646
Philadelphia,2024-12-19 19:04:34,35.82206562791988,45.81518812459666,0.0,2.7537288137403597
Chicago,2024-05-13 00:09:12,8.031668998043997,51.70189998305851,13.356588228053443,13.098539748275511
Chicago,2024-12-20 13:54:57,-35.02413804783159,85.6657766033072,4.576380934471587,25.641252619061586
San Diego,2024-06-30 00:58:01,-66.74833868112795,71.27632656492764,0.0,2.124632708885521
New York,2024-06-18 21:31:04,2.613876254546753,74.58602916069235,0.0,19.45391042652092
Los Angeles,2024-03-11 01:58:56,30.259137195185048,17.687302149116654,0.0,46.665298447286496
Chicago,2024-04-10 21:29:39,60.92398429789114,55.66650466084086,15.49451578037344,37.20044698410624
Los Angeles,2024-11-24 21:20:58,25.356481046590645,12.320840115829782,6.176276301642101,5.12756068546253
San Diego,2024-01-07 14:13:52,23.37875496238091,76.52737941588596,0.0,16.823265057185445
Houston,2024-05-24 02:13:38,14.194216091341405,33.75644754052145,14.85441376794848,45.34708371471103
Chicago,2024-06-15 14:42:34,40.62853195864014,43.36930042287849,16.91424984788617,27.63266301819315
San Antonio,2024-04-22 05:23:29,-8.440466001059903,37.887483354143136,8.230700082114016,14.029901526455298
Dallas,2024-11-17 07:45:02,8.098345447941128,57.67404409334412,0.0,32.95668151007112
Boston,2024-01-11 21:32:14,-31.721915473391675,17.911606732080827,11.983073287776476,11.079323979769727
San Antonio,2024-07-09 16:47:28,-54.92297109585135,59.86758941576674,0.0,34.33530817871454
Miami,2024-02-10 16:00:59,-29.87686742095396,64.9254644422708,19.47098501919638,46.5905667659719
Boston,2024-06-12 06:35:59,43.569358610717245,27.6826054122717,10.735254714534909,12.00885655116689
New York,2024-08-11 14:50:26,-46.41640027349851,40.74445762833631,2.280058842110108,49.937813404180645
New York,2024-02-13 22:54:24,50.74843682459863,32.75895014799551,10.022745761246146,37.61474255744624
San Antonio,2024-05-08 03:32:32,44.20504778937058,85.96472389465151,0.0,45.43689230982481
Los Angeles,2024-10-31 17:46:34,-50.01042375303217,1.3583080761373836,0.0,29.024262248545483
Boston,2024-06-10 23:31:45,11.062688362423984,36.04187721826453,13.05762453984601,3.969212651819408
Los Angeles,2024-05-01 23:43:12,21.55607524607379,4.913851429530816,6.666380380040991,23.377565378134427
San Antonio,2024-09-04 11:14:19,-27.37927169329963,98.17720859126864,12.70685018800748,1.855797076598737
Miami,2024-07-15 09:22:27,14.54107191695229,60.28930722646108,0.0,49.95809412030498
Philadelphia,2024-12-18 22:36:59,-19.56627177226752,47.02938814235871,0.0,15.923213846868515
Philadelphia,2024-05-13 05:00:23,-57.66134124348771,44.93839676514109,18.76285930718545,12.894469333814143
Los Angeles,2024-11-22 16:14:11,-13.977105971204054,23.96214438702069,0.0,1.9936502128153608
Miami,2024-02-01 04:35:02,41.7665390208373,78.3909242846785,17.61120736606882,41.43942354004906
Houston,2024-03-24 23:07:48,-55.27570711060662,65.17264770104458,3.107098624647328,36.02681131386732
Houston,2024-12-15 03:02:20,63.7044691832308,87.86123457092368,18.72062605767872,1.5515529276193778
Boston,2024-03-28 14:02:12,47.45080962459073,17.733982984273318,0.0,39.34370460143746
Dallas,2024-03-03 01:16:57,-22.544627136656658,85.29488958216186,11.843701479408775,5.394030531310436
Dallas,2024-09-10 21:00:53,-47.9427375153678,72.67173408285743,6.507552559851003,42.14134767655512
San Diego,2024-02-24 11:55:02,-16.390421579919483,19.96686501075566,10.828850232636384,41.48228485036553
San Antonio,2024-09-26 06:29:25,-59.41086691531677,88.17465788648758,0.0,15.911381741692182
Chicago,2024-11-27 08:12:02,-25.884491206740627,41.50762514567285,7.479593988850624,7.245026797533832
Chicago,2024-08-04 18:21:16,0.8555870183968608,87.55705807347867,0.0,8.682158476030512
Los Angeles,2024-11-13 04:27:41,-68.45134016710615,56.469056220239295,4.041254424313877,28.31311035358793
Miami,2024-03-30 07:47:26,50.74458681430846,51.673861046308446,4.214438428027956,10.23709438406548
Boston,2024-02-27 08:49:54,-11.065618352640795,23.59152696964801,0.0,16.632587788575858
Houston,2024-01-24 14:07:28,-31.7615318662625,11.798573492938552,16.661396069117753,10.06415140024443
San Antonio,2024-03-11 15:39:50,-20.389634434872107,24.411539082610204,0.0,18.106286075352585
Philadelphia,2024-11-28 01:42:17,38.0548055957254,95.13636713494977,9.645356144386074,4.687443282373708
San Antonio,2024-03-08 13:27:49,-21.24478019560503,18.881281726883067,0.0,49.71448128795882
New York,2024-12-24 17:05:21,57.9230871975533,2.563791694010984,0.0,15.04731044624489
Boston,2024-10-23 06:30:19,3.9589985165496273,62.49767293836817,0.0,19.49685110952689
San Antonio,2024-09-22 01:07:46,33.820143759587,66.06008402706009,0.0,12.229334678403408
San Diego,2024-04-09 07:39:17,9.83610099757614,39.17989756234398,0.0,40.52329423384792
Boston,2024-10-24 23:32:35,-3.4314357498897152,49.99965234797092,0.0,28.266103602322342
San Antonio,2024-12-11 18:35:32,-42.83313034248524,17.12331781951719,11.786744741360778,26.48411329042884
Houston,2024-06-11 18:03:00,47.80468459558287,27.810266556836964,0.0,12.0197002562332
San Antonio,2024-05-16 06:57:06,-22.07409185644885,7.093785704384857,0.0389034621741828,17.231036691862286
Dallas,2024-12-15 04:37:21,42.1620076307226,9.363200850032392,0.0,39.72658901377604
Dallas,2024-03-20 20:20:11,-15.39588136828155,64.68842697259235,12.48554369767438,42.90852312942253
San Diego,2024-07-14 01:58:58,24.08042426223993,21.665397368559265,8.187298007426548,11.712567073390575
Los Angeles,2024-09-19 20:33:15,53.28815025288682,56.98084540534079,0.0,0.1931065755276328
Los Angeles,2024-08-04 11:09:47,-21.636629282971214,40.9806948311226,16.588201250783733,41.86239950916542
San Diego,2024-06-01 01:48:49,-21.55082828499196,38.06802445821924,0.0,6.410918893979652
Philadelphia,2024-10-09 16:11:57,-44.75761806403581,62.96038430247569,0.0205690518529806,40.19099245328509
Houston,2024-09-22 10:52:22,-4.299093709244801,6.609642783576749,0.8287291777000778,1.3344246294772368
Chicago,2024-10-16 15:40:09,16.343631854951795,47.85061687660793,6.284062651128487,28.349932892310733
Philadelphia,2024-09-16 01:58:23,-37.32699275996752,62.97721918102191,19.100587113697905,0.0585839006085624
Houston,2024-02-12 18:18:05,18.4760404924411,61.052200175250206,0.0,13.043639598545507
Philadelphia,2024-03-13 22:04:13,-25.378556702071396,69.03046309360428,0.0,48.3056429208699
Boston,2024-03-23 07:58:47,-8.282338567559457,67.07907538362883,0.0,12.893186238115586
San Antonio,2024-09-12 10:12:12,66.39853201469325,95.9564718029354,0.4791277131486016,2.764311169989336
Dallas,2024-10-12 06:58:22,-10.42096563627134,4.250564287712464,0.0,8.484021936092525
San Diego,2024-12-16 00:37:50,-9.724795973798464,97.42032884643191,7.405297571787855,0.7938012441464153
Dallas,2024-02-29 02:44:37,43.02858933904895,42.17174857501678,1.822498965581289,6.1609200306678815
Houston,2024-07-11 06:30:21,-7.762016548224999,75.08643549051574,0.0,30.47850403635261
Miami,2024-11-01 16:20:20,41.77083002868911,69.48768592269283,12.363310214839224,8.885607186934404
Chicago,2024-08-06 11:46:40,-32.266297365291294,86.09247643868817,6.166254653174047,26.697047979280583
San Diego,2024-02-14 11:30:44,-61.518284038514814,32.591797657035386,0.0,9.55728148106612
Dallas,2024-03-01 19:54:01,-62.37192696236672,50.536289810535024,14.248955120620398,8.218118586105135
Dallas,2024-01-05 20:16:56,12.24119680652906,19.663354162643515,3.263181428334727,3.022673098731337
Chicago,2024-05-28 12:59:07,-50.89179408443356,58.16810987632061,9.975883571470682,32.83354597746392
Boston,2024-01-01 11:49:50,56.01021664871958,68.28199516331937,0.0,14.680745913908634
Boston,2024-03-19 14:07:56,16.05638460646506,92.70629561031912,12.972226597973432,18.465804601750825
Houston,2024-12-25 20:26:40,28.825109645062952,92.8302957970614,0.0,1.2353458848208057
Los Angeles,2024-10-28 07:42:18,68.88030132879302,10.650370562729185,15.788319839674717,21.619745941792345
Los Angeles,2024-09-22 01:59:09,-8.275521276650437,66.02735617218988,10.083003008831495,33.718574430287084
Los Angeles,2024-07-06 13:44:59,29.08083571033802,16.397438919023138,8.517615196338856,25.23179303668445
Philadelphia,2024-09-18 11:31:37,-37.15248925518027,88.04930699661928,9.608478479917808,0.1824077240622976
Los Angeles,2024-10-31 17:03:12,8.117324763897344,78.75558605467494,0.0,15.541833381019746
New York,2024-12-27 23:05:40,-60.38684480629409,12.265371848762854,17.793132800337187,12.005658088452773
San Diego,2024-04-09 20:38:57,8.604905310414964,29.49497477718363,0.0,44.93843128566137
Chicago,2024-07-10 14:26:44,41.68673472807016,81.5759569058961,0.0,43.75422042067389
New York,2024-08-19 04:35:16,-4.121848361320502,16.983912086381963,0.0,37.314362094550326
Houston,2024-01-13 10:20:30,22.971848572108016,72.51046823699501,17.229645136277902,46.25088435980881
Los Angeles,2024-10-04 16:09:33,-14.937959450469528,79.20760569178283,0.0,28.10086421807801
Philadelphia,2024-08-10 10:01:11,51.86511086528475,1.2514918844511804,0.0,14.45811009553243
Philadelphia,2024-04-24 22:54:31,10.509589862409598,93.5710814053434,6.8310864265379365,39.77837780034896
Chicago,2024-05-15 03:58:39,-10.575790960101044,7.6935451832853055,0.0,9.926039053906964
Houston,2024-01-28 08:25:42,-37.27167580451268,27.403257589846987,1.9874100030949204,4.177047706118927
Boston,2024-01-07 17:30:20,-13.791477662463729,76.06809653300063,12.429901117634332,11.861191861880688
San Antonio,2024-10-18 21:14:03,-7.714465153009314,43.58077596191422,12.677297919424436,0.4662899608140396
Philadelphia,2024-08-27 22:40:23,-21.0317805221165,44.50660019228006,11.716525995529636,24.381993148205535
Houston,2024-01-13 07:46:45,-31.33179539629395,53.921951501280645,0.0,34.52723573081846
San Diego,2024-12-09 12:00:39,-65.51195229841072,66.83127781448795,0.0,21.491447386970567
Los Angeles,2024-12-02 15:42:50,-54.75249933374188,2.3201957688700823,0.0,43.80231061737959
New York,2024-08-13 15:11:42,9.481386711720589,31.189482810100078,0.0217339142291344,42.62124627699514
Boston,2024-04-11 00:45:34,32.59640190887197,95.24755970386964,11.00472383978962,2.698568387741213
New York,2024-07-07 07:54:10,-54.133966635986766,34.8131672101068,0.0,1.4085390377785494
San Diego,2024-07-13 12:55:28,-37.75915663473469,94.74247174373694,14.566396178162798,0.9212046435163614
New York,2024-09-27 13:34:17,-54.896120587243445,47.64056834302849,16.75835414064814,15.99202971932155
Dallas,2024-11-18 20:02:37,56.58153337335531,75.00833376464821,0.0,14.22808685844516
New York,2024-09-04 05:12:15,-27.8784830285558,94.65633000913184,4.097164626475902,19.131713390140124
Boston,2024-05-09 09:00:41,19.613695007904127,72.58970161763924,0.9308841265965224,29.81482996810697
Houston,2024-09-12 02:27:49,-61.82936652856122,86.51148473031215,0.0,29.33734099587332
Los Angeles,2024-10-11 06:01:34,58.42919949584751,25.142086395745917,18.170353931685952,40.16488774655888
Chicago,2024-12-03 10:28:19,47.117430467107326,54.3040628434275,0.0,5.52276495324168
Houston,2024-08-10 19:49:19,5.426375035486245,22.702144447944967,0.0,11.348681185733271
Miami,2024-07-09 12:07:18,53.97566851102614,88.70209728417501,1.3356624035399864,35.01188055931609
Los Angeles,2024-09-24 19:50:21,-55.969382106055576,67.27841754420938,5.387559921473377,44.95716716885483
Chicago,2024-04-17 09:52:57,-1.5036628266324925,89.24562549829012,0.0,47.662971538351485
Philadelphia,2024-06-24 04:13:46,48.82248900790091,69.70099347648657,8.731029438648168,20.027856769519403
Miami,2024-12-18 09:50:51,22.567343475224945,32.251948812638304,2.4161906783637,23.53189109610604
Los Angeles,2024-07-27 05:07:21,32.060988748012164,38.45717879554729,0.2039550243612389,26.4295932789601
San Diego,2024-08-26 05:06:10,-37.53142652484618,89.42580901525247,10.835093035062386,47.17321416436616
New York,2024-03-31 11:56:38,-63.60084447431926,97.9780946847396,0.0,46.9438969963846
Chicago,2024-06-02 05:01:32,-4.110764376226541,75.4000447490832,5.799352423767401,12.45419122252169
Houston,2024-11-01 18:58:07,-46.91702340648224,18.074932369989305,0.0,8.743651523809724
Boston,2024-02-24 08:00:21,-0.7957234328964944,49.37272298825977,12.522673598588293,27.252021751232483
Miami,2024-09-21 07:38:49,50.08768607564947,63.21554225136332,11.801471007041396,31.923231276102207
Houston,2024-03-05 06:34:21,35.68298307184709,68.64352717476542,9.562957730784987,44.55331933565204
Miami,2024-01-01 21:49:35,69.74979007462923,91.68102537437792,17.1971296165708,6.0478688420535605
Chicago,2024-10-29 10:42:55,-45.15968332823303,72.89994591315644,4.371017984691783,1.5245913975693384
Los Angeles,2024-02-20 14:12:59,-47.500694408931,97.7099851652933,0.0,11.678398624364045
Los Angeles,2024-02-20 02:14:38,-50.57091320557339,0.8163180339592273,1.6992159737238648,30.285824272602177
Houston,2024-01-18 15:23:04,2.6564240878348926,0.0396662883056961,0.0,15.481753924212317
Philadelphia,2024-03-06 23:07:07,-40.03792941179671,4.645566080286351,15.31219397486825,13.474452300251858
San Diego,2024-10-21 19:18:24,-51.85541642333192,14.82536523364567,3.2509309287511847,19.2388891005115
Miami,2024-06-19 19:46:47,-66.82847133498105,63.868862443927085,17.64127745386155,44.12349016498052
San Antonio,2024-07-16 17:42:58,-34.211977533508616,19.924798333242173,7.743162539121094,33.01969432608692
Miami,2024-12-28 14:27:15,10.086858396922691,95.74667975011586,5.321976906088558,9.805623947040512
San Diego,2024-12-24 07:15:15,-48.93898032241557,21.73264780560924,0.0,11.061693435719317
Philadelphia,2024-12-10 20:57:37,7.033659605042274,15.167309866003258,13.703164534428565,16.019191322061765
San Diego,2024-10-10 14:33:21,-33.12495422149927,43.52038950120247,17.426995232377788,23.61113025738617
New York,2024-09-24 07:10:14,21.31880562513652,49.60290916375283,13.269667114619551,21.589671068348714
Boston,2024-04-08 11:32:02,-62.70517870622795,2.120986054881506,0.0,5.708051843731482
Los Angeles,2024-11-15 18:03:02,-16.23625559086397,41.73014421756551,6.467840381614096,16.88294133787675
San Diego,2024-01-25 04:20:47,37.20645349214944,18.371577826140275,0.0,20.653940663436504
Houston,2024-02-21 13:43:06,10.110387261410407,45.88689319128376,8.44637080193041,28.590598452913497
San Antonio,2024-07-19 17:11:55,-49.01910583826542,95.21911211335036,16.353882167077895,3.39377353857374
Philadelphia,2024-09-07 16:10:12,-14.623122731017702,72.78584841086315,0.0,12.837047004880985
Boston,2024-06-15 11:11:33,63.91336878118835,53.79706446441408,1.2649328875985848,46.019587597063925
Dallas,2024-02-17 06:33:11,69.74774269757324,49.44479018231527,13.767661498147524,40.85170604531659
New York,2024-12-15 16:27:16,37.73499697129228,83.23043796547678,6.34979287464461,49.17255637683856
Philadelphia,2024-06-23 05:39:11,49.04777491789501,25.046228048043343,3.3986330703759684,40.187016385890125
New York,2024-02-17 14:26:18,1.8172465707669967,26.26217144612992,0.0,25.040635640043405
Boston,2024-12-08 12:41:20,-58.47425474151561,71.12867812092527,0.0,6.887148975169207
New York,2024-10-29 21:17:27,-7.407931481647282,74.55468046014241,6.011697985798584,16.056486738542592
Miami,2024-01-30 04:15:43,34.09996938085838,5.601771669552484,0.0,23.473176341131705
Chicago,2024-04-21 19:09:47,-43.3237461341032,38.94818866373343,0.0,39.54675703888587
Miami,2024-03-30 08:07:01,-9.64917455771824,47.10626143056561,4.584876528118933,0.736116811075096
San Diego,2024-11-04 13:16:51,-45.41548324760037,58.72850135890825,11.082966449262692,27.31943560552198
Miami,2024-07-06 06:52:30,49.50265152132671,24.187969384067628,10.956106196648346,33.371642539819604
Chicago,2024-07-11 23:49:48,-61.65963145365669,71.65261491773559,18.489479685715708,41.53438770353811
New York,2024-03-08 05:40:20,-52.668447709669465,94.89126770185352,19.04276030716793,27.94171175541743
San Diego,2024-09-20 18:37:04,-66.65335135704775,60.55721857804039,17.024852095012598,28.61372706438944
Miami,2024-03-15 06:49:51,-12.333184081158764,97.5389288819724,19.58645831242661,9.44325745499416
Houston,2024-12-09 09:08:33,62.925138276947735,95.278618573923,6.942111961430893,14.068963233288803
San Antonio,2024-11-03 23:06:40,53.42103900052828,62.6458732026249,0.0,39.784779242663184
Philadelphia,2024-03-11 14:57:23,46.00418419276686,66.11773185040454,0.0,13.489710471545774
Los Angeles,2024-03-16 14:20:54,59.18777142968728,44.56502515083388,0.0,18.95797406879105
Boston,2024-02-10 06:51:41,26.21069014967719,44.59015474329768,0.0,42.94108174622685
Dallas,2024-12-20 23:42:22,-34.47485728827383,58.54669169992782,17.808131597996333,38.68798986858788
Philadelphia,2024-04-22 16:48:22,-52.699985971166896,23.109648241248905,0.0,18.28125508259285
Los Angeles,2024-01-23 16:33:09,-21.10138658208705,32.70492434243599,0.2743926678653938,46.87571082799896
Dallas,2024-10-28 06:25:08,-59.778962938175866,85.63860842237536,9.238043263274058,21.00969794438177
Miami,2024-02-27 05:46:23,30.709591489554143,82.31414249404692,0.0,21.010171794496863
Boston,2024-05-23 17:59:41,-2.100194322882089,68.43255431833568,0.0,28.278541697110825
Boston,2024-10-11 13:16:34,17.21991325429792,49.84335955907629,0.0,15.526772702091924
Philadelphia,2024-12-15 14:03:00,-47.27398087322263,74.64576616065098,1.4804378945347612,33.407941271353145
Philadelphia,2024-05-20 13:54:04,-20.883347188019165,61.03516178272619,12.211265396375207,6.055747813045006
Dallas,2024-05-24 11:44:42,14.396733935189616,44.03326537202048,0.0,14.599647939422006
New York,2024-11-25 22:59:52,20.17558298188928,97.35434846701874,18.85394059279398,29.73546176859393
San Antonio,2024-08-15 06:57:28,36.05621226833452,28.965455672333704,3.641266564460429,10.804023803040586
Chicago,2024-02-26 18:04:08,-67.36773243799877,16.759195078772493,10.361398208583807,17.251738960353784
Boston,2024-05-01 13:25:11,67.17531267878977,32.20609394155951,19.395358733472047,45.68095808141473
Dallas,2024-02-25 12:20:23,-44.04546054354816,27.345238438911785,0.0,19.20270423128222
New York,2024-05-24 01:26:44,29.53175350156215,31.467907039840945,0.0,12.190756766241291
San Antonio,2024-11-25 05:36:08,-53.46668514104989,77.92924028130238,0.0,36.48373339039205
San Antonio,2024-04-05 00:29:59,-62.28299418281184,47.13754999621109,0.0,40.77568290603271
Houston,2024-07-12 06:58:24,-39.52657233076453,59.616519772264326,4.315559483513278,34.62831341635034
Boston,2024-06-07 06:47:03,9.092541761559744,89.23213392980387,4.4561272627967,26.849915496380294
San Antonio,2024-04-21 22:25:59,-1.7020167330301774,30.142113748579632,18.975366263692067,18.05486897305379
Chicago,2024-06-06 08:55:56,-29.17967721229596,58.59746036512736,6.083552165057551,17.935494367272145
Houston,2024-12-19 06:52:53,46.50798728888266,82.66134502157763,2.4967780576043435,13.883955016850235
Houston,2024-06-02 06:11:14,-47.2290515832992,36.59737830369119,18.71848258601252,6.940260506416784
Philadelphia,2024-12-09 12:46:16,-64.85662725129085,97.4450025471377,14.452453304906165,5.244883989056408
Los Angeles,2024-01-22 20:04:47,-68.22384164796644,22.552455722756967,15.851480985873357,45.52498562602239
Philadelphia,2024-02-03 13:05:02,65.29019725890385,11.744438236089383,10.26887232459859,14.394629037787285
Philadelphia,2024-02-19 01:00:43,-68.01702767947093,43.62779752073342,11.465901873752667,12.426716327031096
Houston,2024-09-19 04:43:01,-55.1475409962091,87.95188991282626,18.250772916379027,38.787365474638165
Houston,2024-07-24 01:54:44,53.62647374830556,47.3414389030996,4.555736483768547,15.128312896320685
Philadelphia,2024-09-17 03:43:09,18.299850488431854,78.66960354390935,10.12729005308368,13.156913902916944
San Diego,2024-08-17 07:23:01,-15.3615744354218,55.08008277535738,0.0,42.33156365525908
Chicago,2024-09-24 13:53:04,69.6109757772866,95.26583916177212,7.796297034444287,41.93389192051816
Los Angeles,2024-02-08 20:07:01,-40.68670118695813,30.768417419265425,0.0,19.743138006678727
Houston,2024-01-24 08:47:43,-57.16637625513155,12.115188040014154,18.424565583712447,9.638116604841652
Los Angeles,2024-10-25 03:26:46,-48.76058020513368,65.03625482698841,12.476372504321604,6.163909995642939
Philadelphia,2024-03-24 16:08:08,25.00729853953264,82.59164795456127,0.0,38.60709382957329
Los Angeles,2024-04-12 22:48:28,-59.65085841149776,56.63283065145325,0.3194573037918697,28.31433241087965
Miami,2024-05-26 06:28:27,5.892606468624322,55.16515775258915,0.0,27.507168088644114
San Diego,2024-11-04 12:05:38,-7.969054615801724,72.09085468321823,9.590114989047123,8.914550066408612
Philadelphia,2024-02-02 15:28:17,-12.72933874098262,99.82887285265984,0.0,19.34288744799724
Dallas,2024-07-07 03:06:17,-38.01447231501988,79.58546017765987,18.1139143354122,49.00696653466527
Boston,2024-08-09 14:23:18,-13.819930492233633,88.89754645581428,9.600163653619312,28.13038853545677
New York,2024-09-21 21:06:45,24.44960921808645,54.805096549903794,7.97360265597317,33.00551907416096
Miami,2024-04-11 10:38:57,-48.37445103988665,43.332768365711615,5.599511670960215,8.281236444902582
Chicago,2024-12-21 21:04:40,-68.7031169412442,88.03754541681364,15.303205738719573,26.301649340299463
Dallas,2024-08-09 01:52:43,13.436280131502258,93.998634468614,0.0,48.33902835896173
San Antonio,2024-03-31 18:14:01,41.96719318115581,95.72701723318356,0.0,5.473615849841005
Houston,2024-07-15 06:50:33,-14.449615821393344,29.908558886766173,0.0,13.814306214477416
New York,2024-09-15 20:55:36,34.79984426467652,52.27541161090198,6.932253127209904,26.97378522575127
Philadelphia,2024-12-23 15:19:04,-65.5448922319123,32.6313710130614,0.4890601447258937,7.020702202883005
Boston,2024-08-28 19:12:04,64.94323908498507,57.45233125359992,18.23736007238643,35.38245384914968
Los Angeles,2024-12-24 11:58:37,52.1466746714385,86.25650793292213,0.0,12.19718794163774
Dallas,2024-01-31 18:16:31,-55.18119520048503,17.660739550720407,16.64063506421693,8.080815540788375
San Antonio,2024-06-09 16:03:11,18.940000098446305,74.63290024288125,0.0,8.541330340718396
Dallas,2024-06-01 07:48:29,26.87073484487655,47.50082230695135,0.0,8.340561778400524
Boston,2024-07-24 17:58:10,-32.843285800308045,72.73138438851178,5.576118128741239,23.258748380283635
San Diego,2024-02-05 03:56:17,46.168157765727216,72.53490449945542,7.438479859432107,32.47421154097234
Philadelphia,2024-12-28 21:25:26,1.859865339874517,69.64151587372126,15.628707860606816,29.858736996530865
New York,2024-10-31 13:06:13,42.88658954971203,95.69283144787885,0.0,33.61156448448799
Philadelphia,2024-01-12 17:28:16,-21.513980375259,24.592715232155285,19.785004285818232,0.0916894780070816
New York,2024-12-06 21:06:59,-34.1784383708224,56.40935416379958,0.8991498583526987,10.465025129079596
Philadelphia,2024-10-28 00:38:09,-69.15888366770756,85.37293975378981,0.4394005615747325,48.200979778550966
Los Angeles,2024-01-07 16:35:12,67.11193560349034,74.49842970604614,0.0,33.03925123637791
Chicago,2024-11-22 02:59:28,21.645679556537075,19.73325878338401,4.851042174264817,3.0849973251333225
Miami,2024-08-07 15:53:23,-45.13222163764043,24.344792729160478,19.39918762171124,9.999656650909689
San Diego,2024-10-06 13:25:18,-54.61401169049364,90.54700397735137,4.777112396408006,1.6326578122590425
Miami,2024-05-16 02:26:35,15.56466250011846,4.017617307115923,14.381613981365753,29.731012349317965
Chicago,2024-02-21 18:53:13,3.8428185110969793,47.46219670086879,5.17391352271275,39.17673968379332
Los Angeles,2024-04-08 18:45:03,16.159041196713247,42.23017402288001,0.0,44.846891491627446
New York,2024-11-06 16:58:52,18.132407099999284,4.21432647542391,6.584142438146923,47.8794943235743
Philadelphia,2024-01-29 02:14:31,23.00861494052037,14.071558420346506,12.765663993717578,23.28875501824868
New York,2024-10-30 05:36:32,-23.77461287282719,96.20637253323764,0.0,21.149724164045544
San Antonio,2024-01-04 00:23:52,-11.267131756047668,71.26055535034554,4.691408575300196,39.23381110265007
Los Angeles,2024-03-19 18:35:27,-39.814108083729245,93.28071533336596,8.653015729038632,11.461635819234044
Houston,2024-07-10 06:53:15,43.65907427854424,77.38380121911838,19.71693213883595,38.35751374896406
Philadelphia,2024-09-26 11:27:54,-62.57368355313103,47.837762138878375,0.0,20.570761300840974
San Diego,2024-08-03 19:00:26,52.26711894801086,11.459564142275651,8.65063139239858,27.29053375226056
Boston,2024-12-30 06:46:48,4.92079198743491,81.85463974674235,0.0,23.95652394548918
San Diego,2024-02-08 16:42:28,27.55576424779622,50.15641837502159,0.0,41.07747401476329
Dallas,2024-07-16 17:06:37,8.936334741745497,18.629868511932663,0.0,15.601445393815132
Philadelphia,2024-02-18 10:54:31,-6.008284888545283,49.51410125163389,12.860452820558663,25.16230019722108
Philadelphia,2024-04-08 05:59:19,23.082800139796944,96.52699579190158,13.503208912091557,18.740160608550863
Dallas,2024-12-26 13:51:49,10.79334089958246,2.441329385085165,0.0,8.72311675072529
New York,2024-01-15 16:07:35,-4.152799156043002,85.86614093770525,8.004858100660467,5.535549960829451
Houston,2024-10-18 16:55:05,-37.53914284862995,35.65933047397789,6.347398561029063,37.85029423981442
New York,2024-10-04 08:47:01,46.9176352734174,84.56587465752678,0.888886149511567,41.37829815820146
Chicago,2024-03-07 01:44:25,64.62326889698147,61.14799733872485,18.042643052184093,23.70402220324172
Chicago,2024-03-16 04:55:38,0.4382779706037354,98.40657591747276,16.612627477358345,14.73228040837546
Los Angeles,2024-01-03 04:54:40,-1.897562975497891,85.41475302439721,19.018189319151663,30.573292826989366
Los Angeles,2024-04-04 15:27:36,-15.343073515614194,70.14918438611555,15.823785239160223,37.17861325403216
New York,2024-07-13 23:11:12,20.58035479591011,17.97790314318909,0.0,7.14939902579134
Dallas,2024-04-25 23:53:56,-62.40481343311812,56.76901491829649,0.0,14.703889136837752
San Antonio,2024-06-28 07:02:14,50.14668205588004,74.92819355637064,0.0,17.10200349537679
Miami,2024-11-17 06:34:26,-19.72922679683556,87.27818985055721,0.0,14.29614599744345
San Diego,2024-11-24 00:06:24,-32.73650320785068,76.75154331190797,0.0,3.678867470354195
Los Angeles,2024-06-30 07:24:17,59.73075645819077,24.45035330269419,13.215729762126006,49.65311661251285
Dallas,2024-06-18 18:23:53,-0.4817272134056765,27.759840300234885,2.39775304075563,20.645232466410835
Miami,2024-10-30 11:46:00,66.10361918941723,78.98192258968623,8.298978415641816,21.374967467129476
Houston,2024-04-03 09:22:24,25.662939843272767,20.537928775572496,11.610727952806831,5.809220958983282
Philadelphia,2024-01-18 04:22:50,25.06368329138041,35.82473335249753,18.887181006190332,49.76427649201204
Boston,2024-04-27 07:21:13,-40.11687134387622,22.49719144015242,18.293888135236315,45.15659850962146
Boston,2024-05-19 06:17:40,3.480469500728674,35.76358904321023,0.0,14.114467837431071
San Diego,2024-01-08 15:44:55,32.58418964838556,88.6319645500784,15.778344658449644,15.31937597760028
Dallas,2024-07-29 09:41:24,30.89290639681529,47.19935169209575,16.604924398275205,43.43388403037665
Philadelphia,2024-03-18 02:47:02,10.349573378038912,36.48648315259896,9.314452306655404,21.74854231238864
Los Angeles,2024-01-18 04:57:10,-33.04496115065907,64.92139018387122,19.553497534849217,7.484660291261679
Los Angeles,2024-10-11 16:34:52,-44.30625807911085,33.2762928055754,13.482618383068225,48.60795190866658
Houston,2024-09-14 21:13:41,56.21043531215025,53.70496124552805,2.1132783972519107,35.55437293269634
Miami,2024-11-13 09:05:10,59.00054944495628,29.524052229648923,6.465709126823917,38.43547934257769
San Diego,2024-09-02 09:20:53,45.18180417405927,72.8939636728709,8.47106464045714,2.2062764104025074
San Antonio,2024-12-08 05:10:09,13.77611652459494,62.156594157104166,0.0,20.540048766745837
Miami,2024-08-25 21:18:43,44.52272750769178,56.938850711797926,11.144452910438108,2.6242642739876096
Miami,2024-06-05 20:53:38,-39.11821013373107,60.7812551496493,4.95412381894379,17.949141683327817
Chicago,2024-05-26 08:03:17,-19.61597853498292,63.24524836567538,0.0,49.04848920074163
San Diego,2024-06-07 12:45:26,-65.9928318853894,84.4691424073321,0.0,22.64354978094504
Boston,2024-09-06 21:25:48,10.19144027036701,46.09160914865383,0.0,29.004593376974757
San Diego,2024-05-01 00:29:22,18.61269048752328,26.122740432037546,15.8309555656757,18.589554684094903
San Antonio,2024-04-20 03:16:21,68.20031967780031,75.90833428486312,0.4707619912312957,3.7597842660258927
San Diego,2024-03-25 18:37:09,-56.38444499475755,8.102361572832304,14.935025239991408,36.3347427077794
San Diego,2024-12-29 03:03:31,17.325062770600795,90.6917095979163,0.0,20.805767462360947
Miami,2024-10-06 09:16:49,-4.382708782098604,27.35425942329324,19.309267883853167,46.33259037568661
New York,2024-08-11 17:34:50,-31.933069361038925,20.863859717581825,17.63650167292624,23.546769475172997
Philadelphia,2024-05-14 22:36:11,-14.474444986381066,95.38304660728718,6.588015767536213,18.33016068561222
San Antonio,2024-09-18 08:23:44,11.24661985864303,83.31121300292251,0.0,45.15313666752968
San Antonio,2024-01-03 14:28:12,-6.604189357835857,93.35584038692409,5.981733210783936,21.92054070441288
Philadelphia,2024-08-25 10:32:08,45.683339777020194,1.966121156852296,0.0,48.30049070232623
New York,2024-07-06 23:40:43,22.306996801921628,15.622689387654312,16.398770884985552,0.3434309531786823
San Diego,2024-06-19 01:16:45,12.852714129433096,88.6288419802653,13.96681563643664,8.634208817714619
Dallas,2024-04-24 16:57:48,36.34518000647806,60.3216216802913,1.4865770602806343,29.91857550566123
Boston,2024-09-03 14:58:37,58.54403847635632,13.861688913548775,0.0,37.97200037018346
San Diego,2024-06-11 12:24:21,24.811712653031947,69.29696716926227,0.0,46.31967117047273
Dallas,2024-01-09 10:42:49,11.234350991296424,56.13303092458098,14.199478280621893,13.77912597023984
New York,2024-04-27 01:13:01,63.776953052703306,92.6419943554068,0.6835224803499003,26.47443986651018
Boston,2024-02-28 03:11:09,-24.60626190642369,44.11610978277872,0.0,40.49619039998886
Philadelphia,2024-04-09 08:42:43,54.23302763409346,26.305533839158294,4.221880760099502,6.455942965598105
New York,2024-12-27 11:01:23,-55.98244466366653,23.17674914586611,12.431428217483596,26.174524111009312
Dallas,2024-08-21 07:54:22,28.387907546225197,85.12492350530472,12.286550950273115,33.66977235203672
Miami,2024-02-28 11:57:40,-54.29593120093186,93.32548273635084,16.896070984572486,18.040708507149944
Dallas,2024-03-04 02:49:26,7.590412334618733,45.25785532299153,0.0,10.285330942911258
Chicago,2024-03-27 20:11:10,27.18848653724899,81.80205779384917,9.427385058340974,3.097969237736473
Chicago,2024-09-15 19:18:06,62.46710284397412,69.82104515705166,0.0,21.398796838199523
Philadelphia,2024-04-21 02:44:29,7.229588795850077,46.04614574292036,0.0,32.04010541416764
Philadelphia,2024-03-03 08:29:47,11.432323360353266,1.5991444980056144,0.0,42.54862202334188
New York,2024-05-08 10:54:18,0.823535427157438,41.35298662972305,18.75378919329944,13.07411503659178
Los Angeles,2024-03-12 19:08:25,-62.91578852233052,17.9637825032572,18.5919853188911,32.50964726109738
Los Angeles,2024-06-11 03:33:34,-69.19588317075372,94.24760458934104,0.0,6.132074720753288
Boston,2024-10-28 06:16:35,-24.456253315148423,23.184305167473447,11.206094829180229,6.203153982018815
Dallas,2024-04-30 16:04:00,34.13461513394988,81.66939254263227,9.655761154620444,32.064063896330325
Miami,2024-11-24 16:53:34,-55.84861040112476,63.73358422739655,17.810220756530185,9.478021918080817
Los Angeles,2024-07-13 04:52:00,-68.51461614995365,61.13403448551341,0.0,18.431282869300183
San Antonio,2024-02-11 17:40:35,-45.55701452906767,18.09666234948942,0.0,40.693372144002936
Philadelphia,2024-03-30 22:15:19,-37.18424607399599,62.27197638198969,8.034287393714827,7.890133024253981
Philadelphia,2024-09-09 15:00:06,2.225007275298722,48.57598872228121,4.604543795353271,7.273387130070262
Houston,2024-01-07 21:43:05,-36.88286009317283,79.8274317917281,0.0,13.303746067976297
San Antonio,2024-12-26 18:43:47,-33.91418590994118,83.6096184799133,7.117417544270271,0.6088543284460712
New York,2024-02-28 07:42:56,28.290996873069588,50.97474185406199,0.0,44.38504453356087
Philadelphia,2024-10-05 11:27:56,-65.37035436830304,53.722195207958606,1.3777315457284374,21.20135290542465
Miami,2024-09-14 13:24:00,18.15020822464048,9.712757192700863,10.697221598487676,44.192806277926
San Diego,2024-12-27 14:44:44,-11.989189633621024,38.20624135447844,19.548905167283174,22.97284284910694
Dallas,2024-01-31 19:50:34,40.0789541117606,98.8714999974226,14.623226351474962,33.68165538759723
San Diego,2024-09-16 19:40:46,26.12229873975436,86.8535571502319,1.0321048167064149,9.56132742934852
Dallas,2024-12-27 13:21:23,39.57360110337741,71.4499064593468,1.6357865858110294,15.472218943606066
San Diego,2024-10-06 05:33:22,-13.287491757772642,2.1356753556145307,18.754476965217314,23.129255846855777
San Antonio,2024-02-29 17:32:25,-61.07341464946491,4.919960224266813,14.97124858736218,35.03873988531416
Miami,2024-03-11 06:23:29,55.46881597170841,77.31688177280677,14.17080430944575,13.16109753691935
New York,2024-08-31 14:05:46,-69.52406448727807,0.2616540869782042,15.31300875481923,2.2966478559074925
Chicago,2024-09-08 20:00:05,35.00048129974444,60.02369706721613,5.667538466865196,11.908321523535388
Boston,2024-09-13 16:49:12,-65.13041427059973,55.58308661048936,5.0297724036145794,12.24218458518753
Houston,2024-11-06 12:18:55,66.72606059146403,66.05622584397139,16.16723111591323,43.50507695269784
Boston,2024-05-26 01:00:38,-68.14961377734922,27.05855681552255,0.0,45.581730366258576
Boston,2024-11-22 04:11:17,20.065555320840588,80.56873546708853,15.32445808292968,18.09586577658101
Chicago,2024-03-07 19:59:43,20.42640489378913,2.385158065127328,0.0,44.914325270714784
San Antonio,2024-04-25 09:11:54,-61.640456790813474,91.2580234046894,0.0,23.37860462988563
San Antonio,2024-03-11 20:53:15,2.442993313676851,45.67388035832522,15.674589604024517,49.222373036685
Miami,2024-06-04 22:01:39,-7.306888593202856,36.7220450359721,0.0,4.950789441955353
Houston,2024-09-21 13:07:01,-45.85495183646172,48.05713723488711,14.844462340512152,11.69521033609714
New York,2024-06-02 14:40:35,60.76868114871186,98.86959100431145,10.045733365784947,22.10093224472469
Houston,2024-09-02 04:40:43,6.548143903157438,76.52705347702725,11.759996059167968,17.764369192992643
Philadelphia,2024-08-29 18:30:50,-44.0469858460692,38.30963710676149,8.307696788742746,18.77096552798189
San Antonio,2024-03-22 10:26:50,-64.98671409398973,71.79479783761025,14.904350331361195,42.96202291302743
Los Angeles,2024-09-12 03:50:12,-31.00120754713447,91.7375886189421,12.514929459025147,28.05215148975809
Houston,2024-02-27 12:43:37,39.12535814904388,46.34243234561845,14.177087425569226,43.53144460044973
Chicago,2024-06-22 09:23:22,32.09296332669706,37.513351025408845,0.0,1.5293641903334994
Philadelphia,2024-07-08 16:42:00,-23.77280925506661,85.41719040012234,0.0,11.28672990763378
Dallas,2024-01-23 23:41:30,57.22754917077961,77.46185054324575,0.0,2.65361362447228
San Diego,2024-01-22 15:12:15,-66.98975316922551,2.314197245797157,18.328043569914183,22.871011788407166
San Diego,2024-02-24 00:47:59,-59.958809626696215,45.341925556891226,17.947892531023307,22.84310062389511
Boston,2024-05-20 15:36:16,-24.293064291851397,26.139633709506143,9.767866890565005,21.545000968055213
Boston,2024-10-18 18:00:48,20.324336915507544,75.2622813518288,0.0,11.45780377137332
Los Angeles,2024-01-27 01:33:52,69.7324076030257,44.21287515515644,3.940185326296719,34.46798757152114
Philadelphia,2024-04-16 20:17:03,-32.8120835027488,10.20109315243488,0.0,16.18439818548711
Boston,2024-10-02 20:38:44,-6.760424088185701,31.812953352338425,17.278301887265602,2.222025717421765
Boston,2024-08-14 17:12:27,8.984560855391408,3.4771587613840325,5.214111048786279,19.100675680834986
San Antonio,2024-06-27 19:23:46,-36.58523391395588,62.02426831085442,0.0,28.10119699688039
Los Angeles,2024-12-18 11:16:35,-66.46737986466512,56.42005986281596,0.0,40.93430414718229
Philadelphia,2024-04-05 07:37:11,-11.180727153028286,45.00851157536879,0.0,33.898710409720096
San Antonio,2024-01-13 08:03:05,37.42166478164691,49.37309060180101,10.914256876549976,17.141296986110678
Los Angeles,2024-05-05 19:51:28,22.49953937082347,70.628820898422,19.13996297393493,2.079157940100613
Miami,2024-06-20 21:34:08,-34.46767372531836,51.66719015410908,4.022255242906395,42.03941131685201
Philadelphia,2024-02-08 06:25:21,-63.33680009859789,13.012108843160972,16.59453763059601,37.55483886041696
Dallas,2024-03-08 03:59:47,1.7338502080075957,82.46544882047371,0.0,8.221802203774548
Houston,2024-01-10 03:42:02,39.452197174909344,0.0720835030103792,0.0,31.992670536966894
San Antonio,2024-01-21 12:47:59,-62.17194803182901,9.080920697432834,10.450150597500198,27.575704824238827
New York,2024-12-09 09:59:42,38.07911003038619,43.79057310900763,5.060803900705292,44.324616701851255
Houston,2024-05-04 16:26:16,-21.665642462822824,4.442182562279729,3.7968941503330953,45.79214013298105
San Diego,2024-12-15 18:35:28,17.936452164871852,68.59326241715237,0.0,19.40308405927632
Philadelphia,2024-06-30 06:45:00,-54.42712386007016,23.33590651961827,4.810712848923744,31.310130676311985
Chicago,2024-05-24 13:20:57,39.84548042259805,12.509001771302003,13.737200659835842,24.67105173964269
Houston,2024-05-24 19:47:02,-16.856905651375364,58.122070670730906,12.601680183408437,7.564051643705415
Dallas,2024-01-24 00:58:57,38.96130592102364,30.18655498437294,2.979457971200471,28.120307132299104
Miami,2024-06-06 04:14:46,32.77062482696151,46.17590017154218,19.67858346131604,47.56901678236772
Dallas,2024-03-20 21:22:36,53.53303370902053,98.03951479346982,13.04418814983088,19.009753329910428
Dallas,2024-06-30 07:11:41,18.6396148676302,8.38582919485869,3.2516342871181685,36.49961009104203
San Antonio,2024-06-20 00:25:01,39.52447222842544,93.45839768407316,11.854275430565728,17.688016547162682
Philadelphia,2024-11-21 12:16:01,-58.36129087119866,27.884011317899663,0.0,42.01609235835912
San Diego,2024-12-10 15:35:01,-30.60905322122614,7.27002658592945,19.87484083441384,15.122719183494148
San Diego,2024-05-21 08:45:26,-59.11456331516019,23.695911775738445,14.152339658822193,39.13740908636992
Houston,2024-03-26 01:04:44,40.98620628222031,69.95887545644422,13.056779125256696,43.33184158456777
San Diego,2024-08-04 20:06:22,18.403276692387507,2.369488183662625,1.290078703686623,0.8331348941938881
Chicago,2024-12-16 12:15:52,-56.28883464448339,59.90216829272829,9.3101024220453,17.70237589618414
New York,2024-09-17 16:00:09,-21.835264609986737,84.61495243834432,2.8057415186023267,1.050269557330326
Boston,2024-07-25 12:17:04,-0.0254984103630278,12.08606844713188,6.97732322757437,21.944667303703653
New York,2024-02-24 22:31:55,64.02004592084523,4.352186618409842,12.796628409931197,8.548273525487868
Dallas,2024-07-14 13:57:02,57.10119928336741,70.01676428987396,6.902738730852732,21.3000397790029
Dallas,2024-10-23 07:38:53,-6.370358935627479,53.44948941648877,1.657264471494473,11.475322357059412
Los Angeles,2024-04-15 21:29:07,58.494552531683496,71.87599675508403,11.790778252834151,36.304802655675054
San Antonio,2024-01-27 11:14:46,54.864792972842864,24.398767519490868,16.670770180634477,4.218567115897329
Dallas,2024-01-02 12:28:50,-11.43448533921564,34.01835347162679,11.433111574204354,13.203076256076017
Miami,2024-01-08 17:39:25,-60.807453801364765,69.07966205799734,14.5565223025281,44.14594552025789
Boston,2024-03-05 16:32:01,41.96672132393395,69.25532205254135,16.707973740042263,46.52397705082204
New York,2024-06-07 13:16:02,18.44672872195784,4.675583832708959,0.0,5.152018008277965
New York,2024-11-11 09:22:55,-13.184629071455513,64.5680886825244,0.0,4.22789809951173
San Diego,2024-05-02 14:57:03,-1.9019640462687304,79.62092530267115,17.787408135486086,3.79299500999004
Houston,2024-10-26 02:59:22,-31.60969325560066,22.264317751980485,0.0,29.161043462853904
San Antonio,2024-07-07 10:47:35,8.631249966453538,38.063781289946135,8.527450404955363,35.248925970572294
San Diego,2024-10-20 05:14:21,-8.67295821173441,28.45033243286032,0.0,18.074276104028712
Dallas,2024-03-25 15:25:02,39.49429323508305,20.056695214405863,10.781011048397636,48.20896299802188
Philadelphia,2024-06-02 11:15:13,-52.19570624931147,4.673336762901666,0.0,25.00900586909934
Boston,2024-05-05 12:40:48,-5.680860596355373,5.080302278759213,18.57815346254708,30.139872705785912
San Diego,2024-01-14 11:21:53,-54.74645482397045,51.20732183037725,3.920008640363568,42.11634130470331
Boston,2024-01-04 23:05:59,46.00051065659511,68.42459955112405,11.410248380543717,33.980067089128084
San Diego,2024-04-25 20:57:32,63.02879187048984,91.65432058527271,0.0,15.803552406803847
New York,2024-08-02 23:16:13,-43.28277251367747,17.219352206437506,12.7879909641502,46.60176707330903
Chicago,2024-06-22 23:44:22,-29.485999527812496,73.15899814321583,14.804557134477776,30.03236416661581
Houston,2024-12-15 04:53:58,66.66737167025755,80.29569211353439,0.0,46.83339943315013
New York,2024-03-22 07:58:04,12.42082967828118,52.96313669256848,7.485994591662859,7.476880523182146
Dallas,2024-08-06 17:06:34,-4.980338115109106,84.00484087824542,19.30827900326155,13.338730308028588
Miami,2024-11-08 16:35:14,-50.212286172790336,48.91194042090939,16.04392358247112,30.60138209785765
San Diego,2024-10-11 10:45:24,46.78503405842236,54.06307243941701,0.0,44.01560098033275
San Diego,2024-06-25 09:53:42,-66.62864699316012,10.761643259068087,19.704613566431213,14.531229141576656
Dallas,2024-11-25 22:17:19,53.26382177296462,10.69997055518131,5.266371130534802,9.03607675161206
San Antonio,2024-06-22 23:01:08,8.331126947914697,91.8763901117282,0.0,44.4949677544119
San Diego,2024-06-23 08:57:09,34.27626312116874,97.74389054148683,9.890766389191691,2.7903187385671764
Los Angeles,2024-01-11 10:00:38,-5.770895679949206,73.85111068183438,18.83229474659309,40.797280603037386
Boston,2024-01-24 15:03:16,57.54539089226958,84.48302927124018,0.0,11.518822810432765
Philadelphia,2024-03-09 08:00:18,-48.25737033386709,86.27170089925008,2.0644068890792404,27.726053605840196
Chicago,2024-03-27 16:37:12,-3.240386959134341,98.91637659321566,15.397672340670884,7.40614501952162
Los Angeles,2024-10-22 09:12:02,58.26694940476679,23.03457101087843,13.108689475361071,6.80608074969296
Philadelphia,2024-12-18 03:14:15,45.135513931312886,87.50660621298161,13.371582772068432,36.82966313196156
Los Angeles,2024-01-06 03:25:41,12.49883580721513,10.706211117560752,7.890161490237382,18.27116890520057
Los Angeles,2024-04-12 14:21:07,49.459864930703006,37.89073837546888,19.125721854143443,32.765851683809935
Boston,2024-06-16 04:35:37,31.44749600321852,72.11414642524085,1.858160623786171,48.74071913237815
San Diego,2024-03-25 21:47:53,-56.20873917027112,88.58735507942245,15.546216422747856,46.84648734996972
New York,2024-06-01 11:23:19,61.10916666781671,20.070405761448285,9.03134417254246,34.29930805283758
New York,2024-06-03 06:35:22,-9.419472696379644,54.7014319455963,13.353948580726438,26.564507063409103
Dallas,2024-06-03 03:38:33,-61.81800431720572,69.13306034261397,0.0,8.775371159693218
New York,2024-02-18 15:59:40,25.497208916134724,84.64877725363725,1.1447959941812833,22.10427040164028
Houston,2024-05-19 12:59:31,52.86393164852879,76.12957358568062,5.948613052423795,16.240349432812653
Miami,2024-04-13 14:54:38,37.77431861483305,33.42379843796638,0.0,22.47055316080371
Philadelphia,2024-03-22 02:02:11,-32.900304769986846,28.772249677040783,0.0,43.07917825976248
Houston,2024-09-10 17:16:10,-37.58060248842619,40.956436811192496,0.6285425277742736,44.23474171795485
Miami,2024-11-26 17:55:46,44.57029658981192,53.811719944478895,0.0,17.934388763058813
San Antonio,2024-08-09 21:13:33,2.7665112981508884,88.32868750093165,0.0,17.047576128983227
Philadelphia,2024-04-17 02:26:44,-63.76751507570536,92.4301471207856,0.0,6.389895075976984
San Antonio,2024-08-12 08:54:51,-21.213648302703252,98.63015860963552,0.0,48.22748463785951
Miami,2024-11-12 14:34:20,-22.62621496836728,70.33958753023786,0.0,24.027078746473254
Los Angeles,2024-01-22 03:23:30,-7.98470879158382,54.47598173413668,19.772040780115937,23.41684053350439
Boston,2024-11-02 17:52:15,-58.14320283709995,37.041567669840354,0.0,11.841457134294725
Miami,2024-01-04 19:41:15,-49.019743425626,85.89356181612148,0.0,24.188004607192354
New York,2024-02-13 06:17:48,66.27024640406194,22.492140875495004,9.055281174955596,7.688294673916744
New York,2024-07-17 22:33:46,-18.936192231212544,20.75927378821592,0.0,20.79103815737799
Dallas,2024-11-17 04:33:28,36.15989897025163,15.533299940766426,2.142991735644705,29.950614071124804
Los Angeles,2024-08-14 18:40:19,-37.07700568912869,60.22886020201865,2.915523737087941,7.29541361025618
Houston,2024-09-29 21:03:00,-21.66928302108572,22.991266229937068,0.0,4.851526373677862
Miami,2024-09-21 08:53:03,32.104493892770265,39.03326774302786,15.518341576687856,2.88646205323821
San Diego,2024-09-09 13:57:14,53.79701259077406,43.02553547355737,9.097286255769593,26.633856111719357
New York,2024-07-28 21:23:48,-52.60396615663809,34.10125778487774,15.42297884681372,31.379604329605016
Boston,2024-09-20 09:13:39,-21.410480715696245,27.463939073878077,0.0,0.6355371021436351
San Diego,2024-08-29 07:30:55,24.547103503380896,99.7472041733648,16.761082956873135,46.54157279496243
Houston,2024-08-01 06:06:48,-6.93049393885849,76.56222868453781,0.0,18.41927704500052
Philadelphia,2024-10-02 16:24:48,30.515013516206963,22.331394970565327,13.248880937502058,13.93324860198959
Boston,2024-05-17 16:24:49,2.757381183077697,52.17848300449913,3.276322945544454,13.478010138937949
Los Angeles,2024-08-08 02:31:35,-3.843994130436016,26.9431176822956,7.421771136871339,20.175871672605936
New York,2024-06-17 10:23:27,44.62432727712016,14.340014939170524,0.0,0.4174104092487631
Philadelphia,2024-03-22 19:02:20,-43.54019427796252,92.84336870242844,17.47188941058522,31.707303925476417
Los Angeles,2024-07-02 01:07:31,-10.35279059404413,6.1254301996936285,9.071550702759009,33.93049597445249
Boston,2024-08-08 20:19:22,1.0763201384782946,75.87786638526333,0.0,21.155098350789213
Chicago,2024-06-18 23:04:38,33.188158205550266,79.3953812477248,19.22308812838568,37.10618817881674
New York,2024-09-20 05:28:07,40.479963115117314,91.99113853901672,0.0,37.36679929269029
San Diego,2024-10-12 22:18:14,68.5492096385619,25.79119579076658,0.3614676797883849,11.914141756459324
San Antonio,2024-06-16 08:20:01,48.95027126657574,22.76253550622618,19.54790573139556,0.4582598147181862
Los Angeles,2024-05-09 18:02:00,8.602556619437863,64.19496761843021,7.559315524255339,43.59227167530169
New York,2024-03-08 04:53:17,-51.03549541415333,23.69872279308893,15.317442526537103,3.7339784440951647
San Diego,2024-09-03 19:35:58,35.542541548536775,43.96344025849224,19.465811915014825,41.197823517091805
Dallas,2024-02-07 05:51:28,47.15862121842,59.10072603044826,5.536113094274649,26.93246675056419
Chicago,2024-10-26 22:58:31,-22.565757503188152,46.64459074665082,9.764925536790711,13.819438735131309
Houston,2024-10-17 22:50:58,-41.67181774021693,84.49384900820424,3.06710204579254,17.235239268798672
San Antonio,2024-09-22 02:16:08,57.34573762623828,74.8478704269034,3.931728580443318,9.6478587337938
Miami,2024-03-28 00:23:01,-30.273698947833367,28.41558087671452,19.476798784342552,2.96029782700124
San Diego,2024-10-12 14:23:08,37.498429404820925,24.65550381750384,13.841679343102811,45.707697394200096
San Antonio,2024-05-20 17:32:17,51.07389586228635,2.2928622024026097,14.974407902930976,42.45546753381144
Houston,2024-01-17 05:39:35,-45.13094157463247,62.74049456184811,0.0,30.58398124062116
Chicago,2024-01-12 12:18:19,-47.64090176524972,68.71775074536451,0.0,14.877554118024037
San Antonio,2024-11-26 02:01:33,3.7532653003491694,3.6071497275313504,1.67109238038317,11.627825088899913
Philadelphia,2024-03-15 01:18:29,-65.92236617703102,66.67931080345336,0.910036041297884,12.117366192022413
San Antonio,2024-11-09 13:51:20,66.75869750448976,63.95994491116757,9.523207625943908,16.821973469085577
Miami,2024-10-19 05:26:22,-26.33045791211257,26.3020206243009,0.0,20.823805256065093
Philadelphia,2024-11-15 10:03:17,-4.221865633640988,55.74864956970697,0.0,8.399899835423387
Los Angeles,2024-06-17 04:05:10,-12.646969781717525,12.315140519089098,4.48472634955332,49.54818879747605
Boston,2024-01-19 14:25:50,60.17235192780859,30.184013327260665,18.734475661580166,10.5731304522767
San Antonio,2024-09-01 11:13:00,1.7243162350626875,21.83801082770198,2.5016015013409536,5.489346760513943
Philadelphia,2024-05-27 11:26:09,-35.95436644293598,90.50030793276896,0.0,17.18535963341725
New York,2024-03-24 06:51:34,36.063509178724544,10.645874390509965,0.0040084440720598,15.713275338993093
Philadelphia,2024-02-02 05:47:41,-10.650003316145096,2.0504099283031643,3.9368612331782336,24.994041569904724
Los Angeles,2024-11-29 12:04:49,-18.27939555043868,51.01123340944597,17.788246074579188,31.855539246588517
San Diego,2024-10-01 00:19:44,-32.26998642303784,64.7392089274604,0.0,32.42383104783664
Philadelphia,2024-08-08 22:10:11,-8.658943794314297,28.927393835490697,10.554079057728622,37.79112650409779
New York,2024-05-22 16:50:47,-7.714735597564099,12.792088864686823,14.935652825174529,34.176337889526344
San Diego,2024-01-09 14:06:54,58.5726987464069,11.670748802799512,1.280948643438446,43.28763834402377
Los Angeles,2024-09-12 16:21:05,59.69098426468054,74.16085142695025,11.219482874306994,9.3692651938327
San Diego,2024-11-22 02:36:25,-13.368097456163056,0.1484664389284908,2.4579234084368657,28.064934418426542
Dallas,2024-10-03 06:21:40,-21.194118020511134,82.509868113845,12.93878025374802,43.870588369869374
Chicago,2024-07-16 15:58:09,-2.6598603429508216,52.85240845807397,0.0,21.91016135542572
Chicago,2024-09-04 16:37:19,51.22407559785971,24.91231159323935,0.0,18.2317169272164
Philadelphia,2024-01-27 07:20:59,29.633185216514534,16.19268635725726,10.35000346934468,24.825587206849683
Philadelphia,2024-07-13 01:18:14,-54.15484439287907,70.6060332863384,1.6987776824251668,34.272867231660506
Miami,2024-04-19 14:14:46,30.03824033306128,1.3251878875461929,0.0,38.849169617270775
Los Angeles,2024-04-02 01:23:52,-1.1309327971696064,31.34082553793264,5.808893299886796,25.527413972702448
Boston,2024-08-28 17:23:10,31.8847906028216,94.01576138818912,0.0,21.503060229338725
San Diego,2024-07-08 17:30:29,25.528691323771525,63.27817748062027,0.0,21.88310142527166
New York,2024-02-20 11:19:34,45.87903221062797,97.25048307882558,2.0764272361403577,29.114150832706684
Philadelphia,2024-07-10 00:23:08,46.10630607167104,44.747588433440015,6.770391716826197,22.467256988848742
San Antonio,2024-11-20 22:40:08,17.737976980795537,46.149503204434296,19.424808430694316,34.23992173317223
Houston,2024-06-19 23:16:25,-28.82177674659961,93.82553124751294,0.0,27.06954692184955
Houston,2024-11-25 14:22:05,-39.90053556974632,44.04793573649216,9.084797956400656,32.98624519259902
Los Angeles,2024-07-02 15:05:13,7.470762966828985,85.06259396189087,7.221579928632654,27.547930284974896
Dallas,2024-06-22 15:41:12,68.52028978710499,67.70519756259775,2.194699062030839,44.016520942791374
New York,2024-03-25 02:05:07,66.95631008945529,46.882962658265626,0.0,46.88989676490405
Houston,2024-01-19 10:40:02,-9.292383376131582,91.7035192985956,0.0,18.146185057921823
Boston,2024-03-02 15:58:49,59.67502509307221,58.00372830751832,14.837489433030484,34.215360038967475
Boston,2024-01-04 02:28:19,-38.331880326459775,66.05581983224107,5.133109885965785,10.33589311865262
Boston,2024-11-29 03:29:10,28.25057572239585,8.915121137387526,19.2496329055526,33.23653797758527
Houston,2024-10-13 08:48:41,11.51704582988819,79.95098840527456,11.55905269292928,46.39347439047559
New York,2024-07-03 11:00:49,-50.04257175372095,27.654197433567283,12.32264787602281,11.748173492627586
Houston,2024-01-27 02:16:28,24.523968577782934,4.833474493258215,0.0,3.669370714352336
Boston,2024-11-02 16:27:24,65.55146869015653,52.16002197723509,0.0,11.248433947889282
Chicago,2024-07-19 19:36:48,12.134620572834224,21.177543995706152,4.062292046667297,2.2520610982671148
San Diego,2024-12-08 18:48:00,9.501189314315582,3.460311846616189,10.51253263531477,43.7442321493125
Miami,2024-06-22 14:12:05,68.80952103264494,62.55721983284465,0.0,6.429441177884414
Chicago,2024-01-05 04:28:11,31.125957096094226,54.30409935161302,8.649018479239135,34.39285885491561
Dallas,2024-04-24 22:15:36,10.407859061049336,11.23617680458982,3.4244053879264413,11.715957622232391
Los Angeles,2024-10-24 04:33:05,7.979931987919954,32.12889894886148,0.0,16.130625459701765
Boston,2024-06-19 05:10:21,60.46875188962966,52.22040929733491,8.446470268045424,0.4572748070440742
Chicago,2024-06-20 16:25:18,-32.68899596045331,21.48295100895401,0.0,5.206413449260431
Philadelphia,2024-10-31 20:44:17,12.44264297946316,5.709705848370074,0.0,46.81611121753579
New York,2024-05-22 06:59:56,24.902564224028083,12.4489241546786,0.0,1.6660813357971715
New York,2024-12-21 22:18:33,67.09144709591891,64.97439022404785,6.156881614858506,48.73076683804964
New York,2024-09-24 21:29:40,60.02608648825617,97.51270832304034,12.749077496650024,40.60367380609298
Houston,2024-05-21 09:54:22,1.64585928622364,11.912052166568056,0.0,14.23882157898261
San Antonio,2024-07-05 21:42:38,-22.863887968492364,83.41515196584092,0.0,41.40454631542661
Dallas,2024-12-23 04:00:57,-22.319594704344503,30.74015655883162,9.673411916265842,9.801802675172553
New York,2024-01-03 22:51:47,33.50075490972807,23.604088790248944,8.935018557085773,39.91862995693416
Houston,2024-05-20 21:03:40,-44.21973143440897,94.42014443826255,0.0,9.855598892306611
New York,2024-08-03 09:44:36,-56.632923638283344,77.16635997540705,0.0,34.59334198696799
Chicago,2024-11-05 16:44:28,51.84962224328631,4.330054039087557,5.300897437341355,10.16108931404866
Los Angeles,2024-10-17 21:12:28,34.96203589765932,13.709808558216013,5.503019567135116,24.11823497457029
Los Angeles,2024-07-09 15:56:31,4.685156925582859,76.47137660001302,13.667184074612322,41.37669892272572
Miami,2024-04-06 11:38:47,-40.84965371912283,26.84722526935588,17.71235944052485,9.5735940126875
New York,2024-05-01 06:35:55,-8.654284598048292,76.66515987284566,11.83213639445198,43.25391688761979
Philadelphia,2024-01-22 11:16:58,23.84758464964545,55.811486073798335,15.041890207515705,16.945765585766498
San Antonio,2024-02-23 02:35:15,-24.47840748609527,45.988852179094806,14.000354697447689,34.39406570869694
New York,2024-11-21 10:57:56,62.20003273437644,68.70955607229327,0.0,10.647445248508197
San Antonio,2024-11-16 18:56:14,-35.72980509015784,58.02673187644335,10.332086161503156,34.20916827957865
New York,2024-08-30 07:50:07,-53.43604606754973,4.419618556456626,5.783014641042518,3.76582838224666
San Diego,2024-02-03 19:54:15,-34.61144034023,86.85047167322392,12.749432072621214,6.759121500758699
San Diego,2024-06-15 09:53:31,4.35827024437387,67.77970490453899,12.29606937095933,32.35432088293038
Los Angeles,2024-12-09 04:29:45,39.6903096003862,69.90361862937395,1.6802991929708817,34.2411480084084
Dallas,2024-09-11 03:46:02,15.350838749384138,87.90125100776889,1.0478938524274175,29.201128994130208
Houston,2024-07-11 03:52:46,-5.404959414798142,3.1793818963410523,11.494889927685094,31.85571280834837
Boston,2024-03-10 09:06:49,-33.5452001500636,17.133032209471267,0.0,42.87407215690904
San Antonio,2024-11-21 01:13:31,10.806076498441811,63.90505382746612,0.0,5.079141649492327
Philadelphia,2024-07-17 00:39:17,35.63946760493438,50.32013496438172,11.311258212887047,7.840210309289297
Boston,2024-07-20 12:45:05,53.30666339214848,28.65881496468502,0.0,23.58251143336137
Los Angeles,2024-09-10 07:21:54,43.79828203615301,5.9720331362920405,9.413430079910938,19.068955221012416
Miami,2024-06-11 12:56:39,23.00979681914912,36.47443688514071,18.53602455725507,24.51664025306068
New York,2024-11-28 13:51:29,46.34776083074004,79.7483856665891,0.4178006092381707,37.91800405497016
Philadelphia,2024-04-13 15:02:37,-58.58517148110967,35.77253458675868,17.592408815624847,34.263792468787145
Los Angeles,2024-08-12 10:04:39,29.64716454312024,40.91380642255315,0.0,40.05713691129149
Miami,2024-12-01 20:08:32,32.751581962519666,39.09539976056072,0.0,42.31524174059023
New York,2024-02-16 22:31:07,-28.739177579908493,56.937618067854,0.2533685826471696,42.80744097191258
Dallas,2024-03-31 21:28:08,11.910218399253624,79.69618613825548,0.0,24.362226047082096
San Diego,2024-08-20 08:51:14,19.60118737998053,56.212655113770026,9.123025515313756,5.699931609889163
San Diego,2024-10-21 14:39:00,-2.2590638856801637,18.8501263324812,15.817352125847863,43.20790572471138
Philadelphia,2024-06-18 17:41:26,-42.33504956956233,81.62235115043686,16.988451144089,35.22276948901196
Chicago,2024-10-02 03:47:58,-3.836490163448147,30.153171779512903,14.33847524539847,40.95692086450461
Philadelphia,2024-09-02 05:19:22,-24.67344678631304,56.76849737876982,12.560793534220526,34.80728339905842
New York,2024-12-25 20:35:26,-49.58368509183124,57.357431606336064,0.0,23.375893679652144
New York,2024-02-25 12:45:59,-17.443664647506125,37.78336954079868,1.116447418603748,49.34478995316179
Dallas,2024-04-03 11:24:11,-66.53725615355472,87.95796832512931,0.0,23.071392978946484
Chicago,2024-09-19 06:48:05,-12.72066023641746,9.525381746926207,10.671377078649282,33.78487979812341
Los Angeles,2024-01-17 07:15:02,19.696901313394747,34.043262054557566,0.0,42.55926944611229
Philadelphia,2024-05-18 03:48:23,57.745887850041,79.36920168436646,19.374383622115744,34.06463127309341
Los Angeles,2024-08-12 10:40:32,5.376726182587461,52.32550767459021,19.75535204412771,34.384260215778696
New York,2024-06-05 23:41:03,-69.1695459419386,20.65288654976437,7.272175783363629,39.56194715700056
San Antonio,2024-01-24 08:29:57,63.474229321714745,32.208217887347054,4.92612231411136,2.3571917304506265
Miami,2024-05-20 05:19:22,-36.54137473383412,51.80540904083509,0.0,19.423105403157127
San Diego,2024-11-05 20:38:36,-7.81168998817467,0.2073769907857467,11.031342416681994,17.921959333661825
Philadelphia,2024-04-08 11:52:25,-41.12794845740412,42.09742511913003,19.410672289327547,3.819827851801721
Boston,2024-05-11 09:45:25,33.806177124420145,38.96785500815309,0.0,1.0785243867978431
Chicago,2024-10-31 19:12:13,-53.665245695268936,6.417822779129359,6.129406986429732,46.001383531397785
Chicago,2024-05-03 04:17:20,6.880379593243134,50.3727166421308,13.620118736857282,39.71038509178082
Boston,2024-10-04 23:43:41,31.06156376144301,90.37464882033144,4.496609144823252,43.68964056864466
San Diego,2024-03-24 13:58:51,-2.760408383887821,39.849579737368096,10.807876521192732,20.9430043924894
Boston,2024-05-30 14:02:51,66.7296614294996,78.12617450829035,3.018262648293126,24.288185777291478
New York,2024-05-16 02:16:44,18.997329966861717,72.15862090775568,1.134567324402502,32.58209571929595
Miami,2024-11-25 23:39:06,44.95734864055589,59.90474556830951,2.5454772697269767,33.020133583763055
New York,2024-12-29 15:11:26,-58.79988184182096,42.65718888217798,0.0,11.188611836051711
Philadelphia,2024-10-24 12:58:05,29.252170410324595,73.2576442427457,14.047582818475547,17.24489930094247
New York,2024-06-03 07:31:28,-25.850864216805192,5.6386831934014765,9.997939464133022,17.67507807849039
New York,2024-10-08 14:10:04,-66.98835422544953,50.26805808905696,3.3703375094601267,35.22596809399146
San Antonio,2024-02-14 00:20:21,59.2162493646353,78.49911319464451,0.0,1.0388184765182906
New York,2024-07-22 06:12:13,39.71263951048374,52.44997915857114,0.0,38.96008407726388
Philadelphia,2024-06-14 14:04:47,45.855754156716586,57.585580698455246,19.2434173388446,10.421979137286758
Houston,2024-09-03 06:36:41,5.483910891038747,1.94074588466712,8.41116774326375,36.380996723401246
San Antonio,2024-06-24 17:14:26,-60.56827658026234,8.69235601361115,0.0,45.00720127411433
Dallas,2024-05-28 01:13:40,47.57314014977027,13.46458443431559,0.0,10.252078728012336
Dallas,2024-10-11 11:41:06,15.407043814778504,10.917970540437732,6.944285040122235,48.378166344096805
Houston,2024-09-19 20:45:23,66.31965534964704,47.730165013785,10.64466760801884,38.85461223077249
Dallas,2024-03-14 22:31:47,34.65024333127904,69.47300375504277,16.790283348570444,37.2073761560375
Boston,2024-03-21 22:55:03,-51.65936951284285,80.13984797367416,0.0,47.086893944388
New York,2024-12-19 10:44:21,-65.70103381450464,89.91430669659982,10.548217136888706,6.230967438411678
New York,2024-07-31 11:37:38,30.38397974530457,46.78229276014987,0.0,27.331215102902817
San Antonio,2024-02-23 08:59:43,-30.59541152450888,9.249528576473956,9.235457546469174,34.165616787619776
Houston,2024-01-07 01:39:35,50.76004261361818,69.58062728387584,9.227066777272888,0.2833908251259824
Philadelphia,2024-03-09 04:31:27,-26.72564454165132,2.9098390521710407,0.0,46.64264436384947
Boston,2024-10-16 09:22:12,0.1747168748017884,96.5355464661044,0.0,24.551021918462887
New York,2024-10-14 14:48:26,59.64994414809016,25.19963189698266,0.0,9.829707745413629
Houston,2024-08-12 13:14:09,-42.36703104254919,44.0600378346162,17.444686918174217,9.39398485121523
Houston,2024-01-09 01:26:34,11.579659503536249,24.71986978524236,3.5226132834292567,3.660574421284213
Los Angeles,2024-02-04 09:29:41,-68.85589713140266,23.85645310564361,18.30991486352993,6.808648036933654
Boston,2024-01-21 04:05:51,39.04715099250497,24.53363315022682,4.353486059660225,23.48657824177432
Miami,2024-02-26 15:23:51,-9.931944415244883,32.58221605790075,0.0,19.274846870997774
Houston,2024-02-22 23:49:39,-65.45121013819961,61.95654170851536,8.502194351437062,5.901319415842076
San Antonio,2024-02-13 15:37:52,-53.41906052757344,76.47001026722022,0.0,29.295707626852973
Los Angeles,2024-11-29 12:27:16,9.10630117489542,1.9980287859354424,18.483348786459157,5.255440182771672
Philadelphia,2024-09-11 11:51:47,18.970584276866163,61.61203244785322,9.15505418464975,8.472412577782961
Dallas,2024-03-04 07:00:21,-12.764507260265349,41.771809981211305,17.631369664318026,37.91749570681264
Los Angeles,2024-07-05 22:06:09,38.523747817525575,18.95606193204348,0.0,38.580253482337696
Houston,2024-07-22 09:57:58,-6.9473844156035724,89.08318275194588,16.64608323829582,7.130680189909409
Houston,2024-07-27 22:32:33,25.749310978996988,30.39848561917072,19.051680720182045,31.98888363949077
Miami,2024-12-01 18:17:30,36.39997414337455,94.44915313216552,11.4469049552616,13.190709828664607
